device_id,device_type,timestamp,action,reasons,ai_score,true_label
smart_lock_1,lock,2026-03-28T13:37:24.858156,ALLOW,,0.0278,0
smart_lock_1,lock,2026-03-28T13:37:25.858156,ALLOW,,0.0323,0
smart_lock_1,lock,2026-03-28T13:37:29.858156,BLOCK,Sensor anomaly,0.8437,1
esp32_motion_1,motion,2026-03-28T13:37:31.858156,ALLOW,,0.0259,0
esp32_motion_1,motion,2026-03-28T13:37:36.858156,ALLOW,,0.0262,0
esp32_motion_1,motion,2026-03-28T13:37:39.858156,ALLOW,,0.0533,0
esp32_motion_1,motion,2026-03-28T13:37:41.858156,ALLOW,,0.0364,0
camera_1,camera,2026-03-28T13:37:44.858156,ALLOW,,0.0239,0
smart_light_1,light,2026-03-28T13:37:46.858156,ALLOW,,0.0293,0
smart_light_1,light,2026-03-28T13:37:51.858156,ALLOW,,0.0205,0
smart_light_1,light,2026-03-28T13:37:56.858156,BLOCK,"Large packet, Bad domain",0.9998,1
smart_lock_1,lock,2026-03-28T13:38:01.858156,ALLOW,,0.0412,0
camera_1,camera,2026-03-28T13:38:06.858156,ALLOW,,0.4639,1
smart_lock_1,lock,2026-03-28T13:38:07.858156,ALLOW,,0.0398,0
esp32_temp_1,temperature,2026-03-28T13:38:08.858156,ALLOW,,0.0732,0
esp32_temp_1,temperature,2026-03-28T13:38:11.858156,ALLOW,,0.042,0
esp32_temp_1,temperature,2026-03-28T13:38:13.858156,ALLOW,,0.0644,0
camera_1,camera,2026-03-28T13:38:18.858156,ALLOW,,0.0259,0
smart_light_1,light,2026-03-28T13:38:21.858156,ALLOW,,0.041,0
esp32_temp_1,temperature,2026-03-28T13:38:23.858156,ALLOW,,0.0327,0
esp32_temp_1,temperature,2026-03-28T13:38:26.858156,ALLOW,,0.055,0
esp32_temp_1,temperature,2026-03-28T13:38:30.858156,BLOCK,High frequency,0.9036,1
camera_1,camera,2026-03-28T13:38:32.858156,ALLOW,,0.0188,0
esp32_motion_1,motion,2026-03-28T13:38:33.858156,BLOCK,Brute force,0.9479,1
smart_light_1,light,2026-03-28T13:38:34.858156,ALLOW,,0.0327,0
smart_light_1,light,2026-03-28T13:38:35.858156,ALLOW,,0.019,0
esp32_motion_1,motion,2026-03-28T13:38:39.858156,ALLOW,,0.0461,0
smart_light_1,light,2026-03-28T13:38:41.858156,ALLOW,,0.0224,0
smart_lock_1,lock,2026-03-28T13:38:45.858156,ALLOW,,0.0272,0
camera_1,camera,2026-03-28T13:38:47.858156,ALLOW,,0.0205,0
esp32_temp_1,temperature,2026-03-28T13:38:50.858156,ALLOW,,0.024,0
smart_lock_1,lock,2026-03-28T13:38:53.858156,ALLOW,,0.0296,0
esp32_temp_1,temperature,2026-03-28T13:38:54.858156,ALLOW,,0.045,0
camera_1,camera,2026-03-28T13:38:56.858156,ALLOW,,0.0239,0
smart_light_1,light,2026-03-28T13:39:01.858156,ALERT,AI detected anomaly,0.9044,1
esp32_motion_1,motion,2026-03-28T13:39:05.858156,ALLOW,,0.0532,0
esp32_motion_1,motion,2026-03-28T13:39:09.858156,ALLOW,,0.039,0
esp32_motion_1,motion,2026-03-28T13:39:14.858156,BLOCK,High frequency,0.9121,1
smart_lock_1,lock,2026-03-28T13:39:15.858156,ALLOW,,0.0426,0
camera_1,camera,2026-03-28T13:39:20.858156,BLOCK,Brute force,0.8633,1
smart_light_1,light,2026-03-28T13:39:24.858156,ALLOW,,0.0328,0
camera_1,camera,2026-03-28T13:39:27.858156,ALLOW,,0.0175,0
camera_1,camera,2026-03-28T13:39:30.858156,ALLOW,,0.0306,0
esp32_motion_1,motion,2026-03-28T13:39:34.858156,ALLOW,,0.1164,0
esp32_temp_1,temperature,2026-03-28T13:39:38.858156,ALLOW,,0.0439,0
esp32_motion_1,motion,2026-03-28T13:39:40.858156,ALLOW,,0.0574,0
smart_lock_1,lock,2026-03-28T13:39:41.858156,ALLOW,,0.0218,0
esp32_motion_1,motion,2026-03-28T13:39:45.858156,BLOCK,Brute force,0.9545,1
smart_lock_1,lock,2026-03-28T13:39:50.858156,ALLOW,,0.0322,0
esp32_motion_1,motion,2026-03-28T13:39:55.858156,ALLOW,,0.0397,0
camera_1,camera,2026-03-28T13:39:59.858156,BLOCK,"Large packet, Bad domain",0.985,1
camera_1,camera,2026-03-28T13:40:01.858156,ALLOW,,0.056,0
smart_lock_1,lock,2026-03-28T13:40:05.858156,ALLOW,,0.0509,0
smart_lock_1,lock,2026-03-28T13:40:07.858156,ALLOW,,0.0656,0
esp32_motion_1,motion,2026-03-28T13:40:11.858156,ALLOW,,0.0688,0
camera_1,camera,2026-03-28T13:40:12.858156,ALLOW,,0.031,0
camera_1,camera,2026-03-28T13:40:17.858156,ALLOW,,0.033,0
esp32_motion_1,motion,2026-03-28T13:40:19.858156,ALLOW,,0.0636,0
esp32_motion_1,motion,2026-03-28T13:40:24.858156,ALLOW,,0.0291,0
smart_light_1,light,2026-03-28T13:40:26.858156,ALLOW,,0.0237,0
camera_1,camera,2026-03-28T13:40:29.858156,ALLOW,,0.024,0
esp32_motion_1,motion,2026-03-28T13:40:32.858156,ALLOW,,0.0225,0
smart_lock_1,lock,2026-03-28T13:40:35.858156,ALLOW,,0.0285,0
esp32_motion_1,motion,2026-03-28T13:40:36.858156,ALERT,AI detected anomaly,0.8861,1
smart_light_1,light,2026-03-28T13:40:39.858156,ALLOW,,0.0252,0
smart_light_1,light,2026-03-28T13:40:42.858156,ALLOW,,0.0166,0
smart_light_1,light,2026-03-28T13:40:47.858156,ALLOW,,0.0393,0
camera_1,camera,2026-03-28T13:40:51.858156,ALLOW,,0.0219,0
camera_1,camera,2026-03-28T13:40:52.858156,ALLOW,,0.0148,0
smart_lock_1,lock,2026-03-28T13:40:55.858156,ALLOW,,0.0385,0
camera_1,camera,2026-03-28T13:40:56.858156,ALLOW,,0.0293,0
smart_lock_1,lock,2026-03-28T13:40:57.858156,ALLOW,,0.0324,0
camera_1,camera,2026-03-28T13:41:01.858156,ALLOW,,0.043,0
esp32_temp_1,temperature,2026-03-28T13:41:05.858156,ALLOW,,0.0875,0
camera_1,camera,2026-03-28T13:41:07.858156,ALLOW,,0.0337,0
smart_light_1,light,2026-03-28T13:41:11.858156,ALLOW,,0.0271,0
esp32_motion_1,motion,2026-03-28T13:41:15.858156,ALLOW,,0.0239,0
smart_lock_1,lock,2026-03-28T13:41:18.858156,ALLOW,,0.03,0
smart_lock_1,lock,2026-03-28T13:41:20.858156,ALLOW,,0.0508,0
esp32_temp_1,temperature,2026-03-28T13:41:21.858156,ALLOW,,0.0519,0
esp32_temp_1,temperature,2026-03-28T13:41:23.858156,ALLOW,,0.076,0
smart_light_1,light,2026-03-28T13:41:27.858156,ALLOW,,0.0181,0
smart_light_1,light,2026-03-28T13:41:28.858156,ALLOW,,0.0237,0
esp32_motion_1,motion,2026-03-28T13:41:30.858156,ALLOW,,0.0337,0
esp32_temp_1,temperature,2026-03-28T13:41:35.858156,ALLOW,,0.0565,0
smart_light_1,light,2026-03-28T13:41:38.858156,ALLOW,,0.0179,0
smart_lock_1,lock,2026-03-28T13:41:41.858156,BLOCK,"Large packet, Bad domain",0.9722,1
smart_light_1,light,2026-03-28T13:41:44.858156,ALLOW,,0.022,0
esp32_motion_1,motion,2026-03-28T13:41:49.858156,ALLOW,,0.0361,0
esp32_motion_1,motion,2026-03-28T13:41:50.858156,ALLOW,,0.0279,0
camera_1,camera,2026-03-28T13:41:51.858156,BLOCK,High frequency,0.8925,1
smart_lock_1,lock,2026-03-28T13:41:54.858156,ALLOW,,0.0382,0
esp32_motion_1,motion,2026-03-28T13:41:55.858156,ALLOW,,0.0235,0
esp32_motion_1,motion,2026-03-28T13:41:58.858156,ALLOW,,0.0451,0
esp32_temp_1,temperature,2026-03-28T13:41:59.858156,ALLOW,,0.0176,0
esp32_temp_1,temperature,2026-03-28T13:42:04.858156,ALLOW,,0.0416,0
smart_light_1,light,2026-03-28T13:42:06.858156,ALLOW,,0.0414,0
camera_1,camera,2026-03-28T13:42:11.858156,ALLOW,,0.0249,0
camera_1,camera,2026-03-28T13:42:12.858156,ALLOW,,0.0332,0
smart_lock_1,lock,2026-03-28T13:42:15.858156,ALLOW,,0.0434,0
smart_lock_1,lock,2026-03-28T13:42:16.858156,ALLOW,,0.0472,0
camera_1,camera,2026-03-28T13:42:18.858156,ALLOW,,0.0237,0
smart_light_1,light,2026-03-28T13:42:20.858156,ALLOW,,0.032,0
camera_1,camera,2026-03-28T13:42:24.858156,ALLOW,,0.0188,0
esp32_temp_1,temperature,2026-03-28T13:42:29.858156,ALLOW,,0.0566,0
camera_1,camera,2026-03-28T13:42:30.858156,BLOCK,High frequency,0.8359,1
smart_lock_1,lock,2026-03-28T13:42:35.858156,ALLOW,,0.0274,0
esp32_motion_1,motion,2026-03-28T13:42:40.858156,ALLOW,,0.0292,0
smart_light_1,light,2026-03-28T13:42:45.858156,ALLOW,,0.0206,0
esp32_motion_1,motion,2026-03-28T13:42:47.858156,ALLOW,,0.0565,0
smart_light_1,light,2026-03-28T13:42:51.858156,ALLOW,,0.0219,0
esp32_temp_1,temperature,2026-03-28T13:42:56.858156,BLOCK,Brute force,0.9094,1
esp32_motion_1,motion,2026-03-28T13:43:00.858156,ALLOW,,0.0396,0
smart_light_1,light,2026-03-28T13:43:05.858156,ALLOW,,0.0576,0
smart_light_1,light,2026-03-28T13:43:09.858156,BLOCK,High frequency,0.9095,1
camera_1,camera,2026-03-28T13:43:13.858156,ALLOW,,0.028,0
smart_light_1,light,2026-03-28T13:43:18.858156,BLOCK,Brute force,0.9215,1
smart_light_1,light,2026-03-28T13:43:22.858156,ALLOW,,0.0277,0
smart_lock_1,lock,2026-03-28T13:43:26.858156,ALLOW,,0.0477,0
camera_1,camera,2026-03-28T13:43:28.858156,ALLOW,,0.0291,0
smart_lock_1,lock,2026-03-28T13:43:32.858156,ALLOW,,0.0248,0
camera_1,camera,2026-03-28T13:43:34.858156,ALLOW,,0.0217,0
camera_1,camera,2026-03-28T13:43:38.858156,ALLOW,,0.0975,0
smart_light_1,light,2026-03-28T13:43:43.858156,ALLOW,,0.0242,0
esp32_motion_1,motion,2026-03-28T13:43:46.858156,ALLOW,,0.0367,0
esp32_motion_1,motion,2026-03-28T13:43:50.858156,ALLOW,,0.0148,0
esp32_motion_1,motion,2026-03-28T13:43:52.858156,BLOCK,Sensor anomaly,0.8415,1
esp32_motion_1,motion,2026-03-28T13:43:54.858156,ALLOW,,0.0168,0
esp32_temp_1,temperature,2026-03-28T13:43:55.858156,ALLOW,,0.0399,0
smart_light_1,light,2026-03-28T13:44:00.858156,ALLOW,,0.0355,0
smart_lock_1,lock,2026-03-28T13:44:03.858156,BLOCK,"Large packet, Bad domain",0.9985,1
esp32_temp_1,temperature,2026-03-28T13:44:06.858156,ALLOW,,0.0823,0
esp32_motion_1,motion,2026-03-28T13:44:11.858156,ALERT,AI detected anomaly,0.9235,1
esp32_motion_1,motion,2026-03-28T13:44:15.858156,ALLOW,,0.0444,0
esp32_temp_1,temperature,2026-03-28T13:44:18.858156,ALLOW,,0.0732,0
esp32_motion_1,motion,2026-03-28T13:44:22.858156,ALLOW,,0.04,0
esp32_temp_1,temperature,2026-03-28T13:44:24.858156,ALLOW,,0.053,0
esp32_motion_1,motion,2026-03-28T13:44:28.858156,ALLOW,,0.0217,0
camera_1,camera,2026-03-28T13:44:33.858156,ALLOW,,0.0196,0
esp32_temp_1,temperature,2026-03-28T13:44:34.858156,ALLOW,,0.0493,0
esp32_temp_1,temperature,2026-03-28T13:44:38.858156,ALLOW,,0.0459,0
camera_1,camera,2026-03-28T13:44:41.858156,ALLOW,,0.0192,0
esp32_motion_1,motion,2026-03-28T13:44:44.858156,ALERT,AI detected anomaly,0.906,1
esp32_motion_1,motion,2026-03-28T13:44:49.858156,ALLOW,,0.0245,0
esp32_temp_1,temperature,2026-03-28T13:44:54.858156,BLOCK,"Large packet, Bad domain",0.9781,1
esp32_temp_1,temperature,2026-03-28T13:44:55.858156,ALLOW,,0.0603,0
smart_light_1,light,2026-03-28T13:44:59.858156,ALLOW,,0.0263,0
smart_light_1,light,2026-03-28T13:45:00.858156,ALLOW,,0.067,0
esp32_temp_1,temperature,2026-03-28T13:45:05.858156,ALLOW,,0.0813,0
camera_1,camera,2026-03-28T13:45:10.858156,ALLOW,,0.0293,0
esp32_temp_1,temperature,2026-03-28T13:45:15.858156,ALLOW,,0.0555,0
smart_lock_1,lock,2026-03-28T13:45:20.858156,ALLOW,,0.0333,0
smart_light_1,light,2026-03-28T13:45:25.858156,ALLOW,,0.0357,0
camera_1,camera,2026-03-28T13:45:27.858156,ALLOW,,0.026,0
camera_1,camera,2026-03-28T13:45:31.858156,ALLOW,,0.0359,0
smart_light_1,light,2026-03-28T13:45:35.858156,ALLOW,,0.0281,0
smart_light_1,light,2026-03-28T13:45:40.858156,BLOCK,High frequency,0.8817,1
camera_1,camera,2026-03-28T13:45:41.858156,ALLOW,,0.0176,0
smart_lock_1,lock,2026-03-28T13:45:42.858156,ALLOW,,0.0243,0
smart_light_1,light,2026-03-28T13:45:44.858156,ALERT,AI detected anomaly,0.9408,1
camera_1,camera,2026-03-28T13:45:47.858156,ALLOW,,0.019,0
esp32_temp_1,temperature,2026-03-28T13:45:52.858156,ALLOW,,0.0281,0
esp32_motion_1,motion,2026-03-28T13:45:56.858156,ALLOW,,0.0666,0
camera_1,camera,2026-03-28T13:45:58.858156,ALLOW,,0.0177,0
smart_light_1,light,2026-03-28T13:45:59.858156,ALLOW,,0.0292,0
esp32_temp_1,temperature,2026-03-28T13:46:03.858156,ALLOW,,0.052,0
esp32_motion_1,motion,2026-03-28T13:46:04.858156,ALLOW,,0.0506,0
camera_1,camera,2026-03-28T13:46:08.858156,ALLOW,,0.0526,0
smart_lock_1,lock,2026-03-28T13:46:11.858156,ALLOW,,0.0365,0
esp32_motion_1,motion,2026-03-28T13:46:14.858156,ALLOW,,0.0422,0
smart_light_1,light,2026-03-28T13:46:16.858156,ALLOW,,0.0311,0
smart_lock_1,lock,2026-03-28T13:46:21.858156,ALLOW,,0.0285,0
esp32_motion_1,motion,2026-03-28T13:46:22.858156,ALLOW,,0.0531,0
smart_light_1,light,2026-03-28T13:46:27.858156,ALLOW,,0.0225,0
esp32_motion_1,motion,2026-03-28T13:46:30.858156,ALLOW,,0.0269,0
camera_1,camera,2026-03-28T13:46:32.858156,ALLOW,,0.0251,0
esp32_motion_1,motion,2026-03-28T13:46:34.858156,ALLOW,,0.0437,0
camera_1,camera,2026-03-28T13:46:37.858156,ALLOW,,0.0311,0
esp32_motion_1,motion,2026-03-28T13:46:41.858156,ALLOW,,0.0472,0
smart_light_1,light,2026-03-28T13:46:44.858156,ALLOW,,0.0475,0
smart_lock_1,lock,2026-03-28T13:46:46.858156,ALLOW,,0.0252,0
esp32_temp_1,temperature,2026-03-28T13:46:49.858156,ALLOW,,0.035,0
esp32_temp_1,temperature,2026-03-28T13:46:51.858156,ALLOW,,0.0139,0
smart_light_1,light,2026-03-28T13:46:55.858156,ALLOW,,0.0238,0
camera_1,camera,2026-03-28T13:46:57.858156,ALLOW,,0.0179,0
camera_1,camera,2026-03-28T13:46:59.858156,BLOCK,Brute force,0.904,1
smart_lock_1,lock,2026-03-28T13:47:00.858156,BLOCK,Brute force,0.8331,1
smart_lock_1,lock,2026-03-28T13:47:01.858156,ALLOW,,0.0918,0
smart_light_1,light,2026-03-28T13:47:03.858156,ALLOW,,0.0514,0
esp32_motion_1,motion,2026-03-28T13:47:08.858156,ALLOW,,0.0637,0
camera_1,camera,2026-03-28T13:47:10.858156,ALLOW,,0.0443,0
camera_1,camera,2026-03-28T13:47:13.858156,ALLOW,,0.0343,0
smart_light_1,light,2026-03-28T13:47:14.858156,ALLOW,,0.0369,0
esp32_motion_1,motion,2026-03-28T13:47:15.858156,ALLOW,,0.0412,0
esp32_temp_1,temperature,2026-03-28T13:47:18.858156,ALLOW,,0.042,0
camera_1,camera,2026-03-28T13:47:20.858156,ALLOW,,0.0325,0
smart_lock_1,lock,2026-03-28T13:47:22.858156,ALLOW,,0.072,0
camera_1,camera,2026-03-28T13:47:26.858156,BLOCK,High frequency,0.9147,1
esp32_motion_1,motion,2026-03-28T13:47:27.858156,ALLOW,,0.0616,0
esp32_motion_1,motion,2026-03-28T13:47:32.858156,ALLOW,,0.0542,0
esp32_temp_1,temperature,2026-03-28T13:47:33.858156,ALLOW,,0.652,1
camera_1,camera,2026-03-28T13:47:34.858156,ALLOW,,0.0147,0
smart_light_1,light,2026-03-28T13:47:38.858156,ALLOW,,0.0216,0
camera_1,camera,2026-03-28T13:47:40.858156,ALLOW,,0.0321,0
esp32_motion_1,motion,2026-03-28T13:47:43.858156,ALLOW,,0.0325,0
camera_1,camera,2026-03-28T13:47:47.858156,ALLOW,,0.0309,0
camera_1,camera,2026-03-28T13:47:49.858156,BLOCK,Brute force,0.9129,1
camera_1,camera,2026-03-28T13:47:54.858156,ALLOW,,0.0322,0
smart_light_1,light,2026-03-28T13:47:55.858156,ALLOW,,0.05,0
esp32_temp_1,temperature,2026-03-28T13:48:00.858156,ALLOW,,0.0287,0
esp32_motion_1,motion,2026-03-28T13:48:03.858156,ALLOW,,0.6554,1
camera_1,camera,2026-03-28T13:48:06.858156,ALLOW,,0.0449,0
smart_light_1,light,2026-03-28T13:48:11.858156,ALLOW,,0.0427,0
esp32_motion_1,motion,2026-03-28T13:48:12.858156,ALLOW,,0.0352,0
smart_light_1,light,2026-03-28T13:48:14.858156,ALLOW,,0.0307,0
esp32_temp_1,temperature,2026-03-28T13:48:18.858156,ALLOW,,0.0457,0
camera_1,camera,2026-03-28T13:48:22.858156,ALLOW,,0.0299,0
esp32_motion_1,motion,2026-03-28T13:48:24.858156,ALLOW,,0.0356,0
camera_1,camera,2026-03-28T13:48:28.858156,ALLOW,,0.0362,0
camera_1,camera,2026-03-28T13:48:31.858156,ALLOW,,0.0185,0
smart_lock_1,lock,2026-03-28T13:48:33.858156,ALLOW,,0.0382,0
camera_1,camera,2026-03-28T13:48:36.858156,ALLOW,,0.0579,0
smart_light_1,light,2026-03-28T13:48:41.858156,ALLOW,,0.0207,0
smart_light_1,light,2026-03-28T13:48:43.858156,ALLOW,,0.0241,0
esp32_temp_1,temperature,2026-03-28T13:48:45.858156,ALLOW,,0.0645,0
esp32_motion_1,motion,2026-03-28T13:48:48.858156,BLOCK,Brute force,0.9625,1
smart_light_1,light,2026-03-28T13:48:53.858156,ALLOW,,0.0353,0
camera_1,camera,2026-03-28T13:48:57.858156,ALLOW,,0.0232,0
esp32_temp_1,temperature,2026-03-28T13:49:02.858156,ALLOW,,0.059,0
camera_1,camera,2026-03-28T13:49:06.858156,ALLOW,,0.0537,0
smart_lock_1,lock,2026-03-28T13:49:09.858156,ALLOW,,0.689,1
esp32_motion_1,motion,2026-03-28T13:49:10.858156,ALLOW,,0.0515,0
smart_light_1,light,2026-03-28T13:49:15.858156,BLOCK,"Large packet, Bad domain",0.9929,1
smart_light_1,light,2026-03-28T13:49:18.858156,ALLOW,,0.0431,0
esp32_temp_1,temperature,2026-03-28T13:49:21.858156,ALLOW,,0.1233,0
esp32_motion_1,motion,2026-03-28T13:49:22.858156,ALLOW,,0.0438,0
smart_lock_1,lock,2026-03-28T13:49:25.858156,ALERT,AI detected anomaly,0.9144,1
smart_light_1,light,2026-03-28T13:49:28.858156,ALLOW,,0.0276,0
smart_lock_1,lock,2026-03-28T13:49:32.858156,BLOCK,Sensor anomaly,0.9067,1
esp32_motion_1,motion,2026-03-28T13:49:36.858156,ALLOW,,0.0338,0
smart_light_1,light,2026-03-28T13:49:40.858156,ALLOW,,0.0468,0
smart_light_1,light,2026-03-28T13:49:44.858156,ALLOW,,0.0468,0
camera_1,camera,2026-03-28T13:49:49.858156,ALLOW,,0.0281,0
smart_light_1,light,2026-03-28T13:49:54.858156,ALLOW,,0.0245,0
camera_1,camera,2026-03-28T13:49:55.858156,ALLOW,,0.0203,0
esp32_temp_1,temperature,2026-03-28T13:49:58.858156,ALLOW,,0.2012,1
esp32_motion_1,motion,2026-03-28T13:50:00.858156,ALLOW,,0.0645,0
smart_lock_1,lock,2026-03-28T13:50:05.858156,ALERT,AI detected anomaly,0.9397,1
esp32_motion_1,motion,2026-03-28T13:50:08.858156,ALLOW,,0.0465,0
camera_1,camera,2026-03-28T13:50:09.858156,ALLOW,,0.0389,0
camera_1,camera,2026-03-28T13:50:14.858156,ALLOW,,0.0502,0
camera_1,camera,2026-03-28T13:50:17.858156,ALLOW,,0.0682,0
smart_lock_1,lock,2026-03-28T13:50:20.858156,ALLOW,,0.043,0
esp32_motion_1,motion,2026-03-28T13:50:25.858156,ALLOW,,0.0336,0
esp32_motion_1,motion,2026-03-28T13:50:28.858156,BLOCK,"Large packet, Bad domain",0.9588,1
camera_1,camera,2026-03-28T13:50:32.858156,ALLOW,,0.0268,0
esp32_motion_1,motion,2026-03-28T13:50:33.858156,ALLOW,,0.0396,0
smart_light_1,light,2026-03-28T13:50:36.858156,BLOCK,Brute force,0.9345,1
smart_light_1,light,2026-03-28T13:50:39.858156,BLOCK,"Large packet, Bad domain",0.9833,1
esp32_motion_1,motion,2026-03-28T13:50:42.858156,ALLOW,,0.0331,0
camera_1,camera,2026-03-28T13:50:44.858156,BLOCK,"Large packet, Bad domain",0.9917,1
esp32_temp_1,temperature,2026-03-28T13:50:47.858156,ALLOW,,0.0253,0
smart_lock_1,lock,2026-03-28T13:50:48.858156,ALLOW,,0.0432,0
camera_1,camera,2026-03-28T13:50:50.858156,ALLOW,,0.0271,0
esp32_motion_1,motion,2026-03-28T13:50:53.858156,ALLOW,,0.0245,0
esp32_temp_1,temperature,2026-03-28T13:50:55.858156,ALLOW,,0.0538,0
esp32_temp_1,temperature,2026-03-28T13:50:56.858156,ALLOW,,0.0552,0
esp32_motion_1,motion,2026-03-28T13:51:00.858156,ALLOW,,0.0512,0
esp32_temp_1,temperature,2026-03-28T13:51:01.858156,ALLOW,,0.0627,0
smart_light_1,light,2026-03-28T13:51:02.858156,BLOCK,"Large packet, Bad domain",0.971,1
esp32_motion_1,motion,2026-03-28T13:51:07.858156,BLOCK,High frequency,0.8863,1
smart_light_1,light,2026-03-28T13:51:12.858156,ALLOW,,0.0377,0
esp32_motion_1,motion,2026-03-28T13:51:14.858156,ALLOW,,0.0506,0
smart_lock_1,lock,2026-03-28T13:51:16.858156,ALLOW,,0.0499,0
smart_light_1,light,2026-03-28T13:51:18.858156,ALLOW,,0.052,0
smart_lock_1,lock,2026-03-28T13:51:21.858156,ALLOW,,0.0364,0
esp32_temp_1,temperature,2026-03-28T13:51:23.858156,ALLOW,,0.0346,0
smart_lock_1,lock,2026-03-28T13:51:26.858156,ALLOW,,0.0536,0
smart_light_1,light,2026-03-28T13:51:30.858156,ALLOW,,0.0513,0
smart_lock_1,lock,2026-03-28T13:51:31.858156,ALLOW,,0.0247,0
esp32_temp_1,temperature,2026-03-28T13:51:35.858156,ALLOW,,0.0227,0
smart_light_1,light,2026-03-28T13:51:36.858156,ALLOW,,0.0268,0
camera_1,camera,2026-03-28T13:51:37.858156,ALLOW,,0.0268,0
smart_light_1,light,2026-03-28T13:51:42.858156,ALLOW,,0.0261,0
smart_lock_1,lock,2026-03-28T13:51:47.858156,ALLOW,,0.0392,0
esp32_motion_1,motion,2026-03-28T13:51:49.858156,ALLOW,,0.0527,0
esp32_motion_1,motion,2026-03-28T13:51:52.858156,ALLOW,,0.0275,0
smart_light_1,light,2026-03-28T13:51:54.858156,ALLOW,,0.0263,0
smart_light_1,light,2026-03-28T13:51:59.858156,ALLOW,,0.0256,0
smart_light_1,light,2026-03-28T13:52:03.858156,ALLOW,,0.0466,0
esp32_motion_1,motion,2026-03-28T13:52:05.858156,BLOCK,"Large packet, Bad domain",0.9586,1
esp32_temp_1,temperature,2026-03-28T13:52:07.858156,ALLOW,,0.1001,0
esp32_motion_1,motion,2026-03-28T13:52:10.858156,ALLOW,,0.0331,0
esp32_temp_1,temperature,2026-03-28T13:52:11.858156,ALLOW,,0.0943,0
esp32_motion_1,motion,2026-03-28T13:52:16.858156,BLOCK,Sensor anomaly,0.9551,1
smart_light_1,light,2026-03-28T13:52:21.858156,ALLOW,,0.0392,0
camera_1,camera,2026-03-28T13:52:25.858156,ALLOW,,0.0341,0
esp32_temp_1,temperature,2026-03-28T13:52:28.858156,ALLOW,,0.0266,0
esp32_temp_1,temperature,2026-03-28T13:52:30.858156,ALLOW,,0.0222,0
smart_light_1,light,2026-03-28T13:52:34.858156,ALLOW,,0.0294,0
esp32_motion_1,motion,2026-03-28T13:52:37.858156,ALLOW,,0.0181,0
smart_light_1,light,2026-03-28T13:52:39.858156,ALLOW,,0.024,0
smart_light_1,light,2026-03-28T13:52:44.858156,ALLOW,,0.0251,0
esp32_temp_1,temperature,2026-03-28T13:52:45.858156,BLOCK,High frequency,0.9525,1
smart_light_1,light,2026-03-28T13:52:46.858156,ALLOW,,0.0336,0
smart_light_1,light,2026-03-28T13:52:47.858156,BLOCK,"Large packet, Bad domain",0.9909,1
smart_light_1,light,2026-03-28T13:52:48.858156,BLOCK,High frequency,0.9103,1
esp32_temp_1,temperature,2026-03-28T13:52:52.858156,ALLOW,,0.0959,0
camera_1,camera,2026-03-28T13:52:53.858156,ALLOW,,0.0432,0
smart_light_1,light,2026-03-28T13:52:58.858156,ALLOW,,0.0319,0
esp32_temp_1,temperature,2026-03-28T13:52:59.858156,ALLOW,,0.0794,0
smart_lock_1,lock,2026-03-28T13:53:00.858156,ALLOW,,0.0464,0
esp32_motion_1,motion,2026-03-28T13:53:02.858156,ALLOW,,0.0478,0
camera_1,camera,2026-03-28T13:53:07.858156,ALLOW,,0.046,0
camera_1,camera,2026-03-28T13:53:11.858156,ALLOW,,0.055,0
esp32_motion_1,motion,2026-03-28T13:53:13.858156,ALLOW,,0.0519,0
smart_lock_1,lock,2026-03-28T13:53:16.858156,ALLOW,,0.0546,0
esp32_temp_1,temperature,2026-03-28T13:53:20.858156,ALERT,AI detected anomaly,0.8463,1
esp32_temp_1,temperature,2026-03-28T13:53:21.858156,ALLOW,,0.0994,0
smart_light_1,light,2026-03-28T13:53:25.858156,ALLOW,,0.03,0
smart_lock_1,lock,2026-03-28T13:53:30.858156,ALLOW,,0.0247,0
camera_1,camera,2026-03-28T13:53:34.858156,ALLOW,,0.0241,0
smart_lock_1,lock,2026-03-28T13:53:36.858156,ALLOW,,0.0434,0
smart_lock_1,lock,2026-03-28T13:53:37.858156,ALLOW,,0.0227,0
esp32_motion_1,motion,2026-03-28T13:53:39.858156,ALLOW,,0.0224,0
smart_lock_1,lock,2026-03-28T13:53:41.858156,ALLOW,,0.0273,0
camera_1,camera,2026-03-28T13:53:44.858156,ALLOW,,0.0117,0
smart_light_1,light,2026-03-28T13:53:48.858156,ALLOW,,0.0278,0
esp32_temp_1,temperature,2026-03-28T13:53:52.858156,ALLOW,,0.0563,0
camera_1,camera,2026-03-28T13:53:54.858156,ALLOW,,0.0175,0
camera_1,camera,2026-03-28T13:53:59.858156,ALLOW,,0.0207,0
camera_1,camera,2026-03-28T13:54:02.858156,ALERT,AI detected anomaly,0.9316,1
camera_1,camera,2026-03-28T13:54:04.858156,ALLOW,,0.0474,0
esp32_motion_1,motion,2026-03-28T13:54:07.858156,ALLOW,,0.0419,0
esp32_temp_1,temperature,2026-03-28T13:54:08.858156,ALLOW,,0.0642,0
smart_lock_1,lock,2026-03-28T13:54:10.858156,ALLOW,,0.0414,0
smart_light_1,light,2026-03-28T13:54:13.858156,ALLOW,,0.0695,0
smart_light_1,light,2026-03-28T13:54:17.858156,ALLOW,,0.6629,1
smart_lock_1,lock,2026-03-28T13:54:19.858156,ALLOW,,0.0413,0
smart_lock_1,lock,2026-03-28T13:54:21.858156,ALERT,AI detected anomaly,0.9541,1
smart_light_1,light,2026-03-28T13:54:25.858156,ALLOW,,0.0342,0
camera_1,camera,2026-03-28T13:54:26.858156,ALLOW,,0.0215,0
camera_1,camera,2026-03-28T13:54:28.858156,ALLOW,,0.0157,0
esp32_motion_1,motion,2026-03-28T13:54:30.858156,ALLOW,,0.0233,0
smart_light_1,light,2026-03-28T13:54:33.858156,ALLOW,,0.0199,0
camera_1,camera,2026-03-28T13:54:37.858156,ALLOW,,0.0464,0
esp32_motion_1,motion,2026-03-28T13:54:40.858156,ALLOW,,0.0304,0
camera_1,camera,2026-03-28T13:54:41.858156,ALLOW,,0.0213,0
esp32_motion_1,motion,2026-03-28T13:54:44.858156,ALLOW,,0.0482,0
esp32_temp_1,temperature,2026-03-28T13:54:47.858156,ALLOW,,0.0512,0
esp32_motion_1,motion,2026-03-28T13:54:49.858156,ALLOW,,0.0443,0
smart_light_1,light,2026-03-28T13:54:54.858156,ALLOW,,0.0185,0
smart_light_1,light,2026-03-28T13:54:59.858156,ALLOW,,0.0292,0
smart_lock_1,lock,2026-03-28T13:55:02.858156,ALLOW,,0.06,0
smart_light_1,light,2026-03-28T13:55:03.858156,ALLOW,,0.046,0
smart_lock_1,lock,2026-03-28T13:55:07.858156,BLOCK,"Large packet, Bad domain",0.9917,1
smart_light_1,light,2026-03-28T13:55:09.858156,ALLOW,,0.0378,0
esp32_motion_1,motion,2026-03-28T13:55:10.858156,ALLOW,,0.0806,0
esp32_motion_1,motion,2026-03-28T13:55:14.858156,ALLOW,,0.0321,0
camera_1,camera,2026-03-28T13:55:18.858156,ALLOW,,0.0273,0
smart_light_1,light,2026-03-28T13:55:19.858156,ALLOW,,0.0298,0
smart_lock_1,lock,2026-03-28T13:55:22.858156,ALLOW,,0.0407,0
smart_light_1,light,2026-03-28T13:55:24.858156,ALLOW,,0.0299,0
esp32_temp_1,temperature,2026-03-28T13:55:27.858156,ALLOW,,0.0458,0
smart_lock_1,lock,2026-03-28T13:55:30.858156,BLOCK,"Large packet, Bad domain",0.9722,1
esp32_motion_1,motion,2026-03-28T13:55:32.858156,ALLOW,,0.0354,0
smart_lock_1,lock,2026-03-28T13:55:35.858156,ALLOW,,0.0381,0
esp32_temp_1,temperature,2026-03-28T13:55:36.858156,BLOCK,"Large packet, Bad domain",0.955,1
esp32_temp_1,temperature,2026-03-28T13:55:38.858156,ALLOW,,0.0544,0
smart_light_1,light,2026-03-28T13:55:42.858156,ALLOW,,0.0208,0
esp32_motion_1,motion,2026-03-28T13:55:44.858156,ALLOW,,0.0391,0
esp32_motion_1,motion,2026-03-28T13:55:45.858156,BLOCK,High frequency,0.8471,1
smart_lock_1,lock,2026-03-28T13:55:49.858156,ALLOW,,0.0363,0
camera_1,camera,2026-03-28T13:55:51.858156,ALLOW,,0.0238,0
camera_1,camera,2026-03-28T13:55:55.858156,ALLOW,,0.0157,0
smart_lock_1,lock,2026-03-28T13:55:59.858156,ALLOW,,0.0303,0
esp32_temp_1,temperature,2026-03-28T13:56:00.858156,ALLOW,,0.0655,0
smart_light_1,light,2026-03-28T13:56:02.858156,BLOCK,Brute force,0.9108,1
esp32_temp_1,temperature,2026-03-28T13:56:03.858156,ALLOW,,0.0508,0
esp32_motion_1,motion,2026-03-28T13:56:07.858156,ALLOW,,0.0567,0
camera_1,camera,2026-03-28T13:56:12.858156,ALLOW,,0.0497,0
esp32_temp_1,temperature,2026-03-28T13:56:13.858156,ALLOW,,0.0732,0
smart_lock_1,lock,2026-03-28T13:56:16.858156,ALLOW,,0.0459,0
esp32_temp_1,temperature,2026-03-28T13:56:21.858156,ALLOW,,0.0243,0
camera_1,camera,2026-03-28T13:56:26.858156,ALLOW,,0.0271,0
smart_light_1,light,2026-03-28T13:56:30.858156,ALLOW,,0.0304,0
esp32_motion_1,motion,2026-03-28T13:56:31.858156,ALLOW,,0.0472,0
camera_1,camera,2026-03-28T13:56:36.858156,ALLOW,,0.0508,0
smart_light_1,light,2026-03-28T13:56:38.858156,BLOCK,High frequency,0.9374,1
smart_lock_1,lock,2026-03-28T13:56:41.858156,ALLOW,,0.0303,0
camera_1,camera,2026-03-28T13:56:42.858156,ALLOW,,0.0279,0
camera_1,camera,2026-03-28T13:56:47.858156,ALLOW,,0.0239,0
esp32_motion_1,motion,2026-03-28T13:56:51.858156,ALLOW,,0.056,0
camera_1,camera,2026-03-28T13:56:53.858156,ALLOW,,0.0338,0
smart_light_1,light,2026-03-28T13:56:55.858156,ALLOW,,0.0342,0
smart_lock_1,lock,2026-03-28T13:56:56.858156,ALLOW,,0.0325,0
smart_lock_1,lock,2026-03-28T13:56:59.858156,ALLOW,,0.0214,0
smart_light_1,light,2026-03-28T13:57:04.858156,ALLOW,,0.0894,0
camera_1,camera,2026-03-28T13:57:07.858156,ALLOW,,0.0774,0
smart_lock_1,lock,2026-03-28T13:57:12.858156,ALLOW,,0.0784,0
camera_1,camera,2026-03-28T13:57:16.858156,ALLOW,,0.0772,0
esp32_motion_1,motion,2026-03-28T13:57:20.858156,ALLOW,,0.0607,0
esp32_temp_1,temperature,2026-03-28T13:57:21.858156,ALLOW,,0.0903,0
smart_light_1,light,2026-03-28T13:57:24.858156,ALLOW,,0.0588,0
smart_lock_1,lock,2026-03-28T13:57:28.858156,BLOCK,High frequency,0.9401,1
camera_1,camera,2026-03-28T13:57:31.858156,ALLOW,,0.0395,0
smart_lock_1,lock,2026-03-28T13:57:32.858156,ALERT,AI detected anomaly,0.7327,1
smart_lock_1,lock,2026-03-28T13:57:34.858156,BLOCK,Brute force,0.931,1
smart_lock_1,lock,2026-03-28T13:57:35.858156,ALLOW,,0.0498,0
camera_1,camera,2026-03-28T13:57:37.858156,ALLOW,,0.0224,0
esp32_temp_1,temperature,2026-03-28T13:57:39.858156,ALLOW,,0.0352,0
esp32_temp_1,temperature,2026-03-28T13:57:44.858156,ALLOW,,0.0873,0
esp32_motion_1,motion,2026-03-28T13:57:49.858156,BLOCK,Brute force,0.9417,1
esp32_temp_1,temperature,2026-03-28T13:57:51.858156,ALLOW,,0.0579,0
camera_1,camera,2026-03-28T13:57:56.858156,BLOCK,"Large packet, Bad domain",0.9911,1
esp32_motion_1,motion,2026-03-28T13:57:57.858156,ALLOW,,0.0567,0
smart_lock_1,lock,2026-03-28T13:57:59.858156,ALLOW,,0.0428,0
smart_lock_1,lock,2026-03-28T13:58:01.858156,ALLOW,,0.0709,0
camera_1,camera,2026-03-28T13:58:03.858156,ALLOW,,0.0514,0
esp32_temp_1,temperature,2026-03-28T13:58:08.858156,BLOCK,High frequency,0.8785,1
smart_lock_1,lock,2026-03-28T13:58:11.858156,ALLOW,,0.068,0
smart_lock_1,lock,2026-03-28T13:58:13.858156,ALLOW,,0.0468,0
camera_1,camera,2026-03-28T13:58:14.858156,ALLOW,,0.0677,0
esp32_motion_1,motion,2026-03-28T13:58:19.858156,ALLOW,,0.0607,0
esp32_motion_1,motion,2026-03-28T13:58:21.858156,BLOCK,"Large packet, Bad domain",0.9642,1
smart_light_1,light,2026-03-28T13:58:26.858156,ALLOW,,0.0467,0
smart_lock_1,lock,2026-03-28T13:58:27.858156,ALLOW,,0.06,0
smart_lock_1,lock,2026-03-28T13:58:31.858156,BLOCK,Brute force,0.9356,1
smart_lock_1,lock,2026-03-28T13:58:34.858156,BLOCK,"Large packet, Bad domain",0.9833,1
esp32_motion_1,motion,2026-03-28T13:58:37.858156,ALLOW,,0.0376,0
smart_lock_1,lock,2026-03-28T13:58:40.858156,ALLOW,,0.0208,0
esp32_motion_1,motion,2026-03-28T13:58:43.858156,BLOCK,High frequency,0.9317,1
esp32_motion_1,motion,2026-03-28T13:58:46.858156,ALLOW,,0.0417,0
smart_lock_1,lock,2026-03-28T13:58:47.858156,ALLOW,,0.0322,0
esp32_temp_1,temperature,2026-03-28T13:58:50.858156,BLOCK,Brute force,0.8927,1
camera_1,camera,2026-03-28T13:58:55.858156,ALLOW,,0.0638,0
esp32_motion_1,motion,2026-03-28T13:58:57.858156,ALLOW,,0.0384,0
smart_lock_1,lock,2026-03-28T13:58:59.858156,BLOCK,"Large packet, Bad domain",0.9607,1
esp32_motion_1,motion,2026-03-28T13:59:03.858156,ALLOW,,0.0357,0
camera_1,camera,2026-03-28T13:59:06.858156,ALLOW,,0.1181,0
camera_1,camera,2026-03-28T13:59:07.858156,BLOCK,Sensor anomaly,0.6091,1
smart_lock_1,lock,2026-03-28T13:59:08.858156,ALLOW,,0.0883,0
smart_light_1,light,2026-03-28T13:59:09.858156,ALLOW,,0.0512,0
camera_1,camera,2026-03-28T13:59:14.858156,ALERT,AI detected anomaly,0.8277,1
smart_lock_1,lock,2026-03-28T13:59:19.858156,ALLOW,,0.0839,0
smart_lock_1,lock,2026-03-28T13:59:22.858156,ALLOW,,0.0527,0
smart_light_1,light,2026-03-28T13:59:23.858156,ALLOW,,0.0754,0
esp32_motion_1,motion,2026-03-28T13:59:25.858156,ALLOW,,0.0395,0
smart_lock_1,lock,2026-03-28T13:59:26.858156,ALERT,AI detected anomaly,0.9207,1
esp32_temp_1,temperature,2026-03-28T13:59:31.858156,ALLOW,,0.0463,0
camera_1,camera,2026-03-28T13:59:32.858156,ALLOW,,0.1129,0
smart_lock_1,lock,2026-03-28T13:59:37.858156,ALLOW,,0.0674,0
smart_light_1,light,2026-03-28T13:59:39.858156,ALLOW,,0.096,0
smart_light_1,light,2026-03-28T13:59:44.858156,ALLOW,,0.0757,0
esp32_temp_1,temperature,2026-03-28T13:59:45.858156,ALLOW,,0.045,0
esp32_motion_1,motion,2026-03-28T13:59:48.858156,ALLOW,,0.0492,0
esp32_temp_1,temperature,2026-03-28T13:59:49.858156,ALLOW,,0.0402,0
camera_1,camera,2026-03-28T13:59:54.858156,ALLOW,,0.6447,1
smart_light_1,light,2026-03-28T13:59:59.858156,ALLOW,,0.0745,0
smart_lock_1,lock,2026-03-28T14:00:03.858156,ALLOW,,0.0737,0
esp32_motion_1,motion,2026-03-28T14:00:05.858156,ALLOW,,0.0304,0
camera_1,camera,2026-03-28T14:00:09.858156,ALLOW,,0.0442,0
smart_lock_1,lock,2026-03-28T14:00:11.858156,ALLOW,,0.0346,0
smart_lock_1,lock,2026-03-28T14:00:16.858156,ALERT,AI detected anomaly,0.8636,1
smart_light_1,light,2026-03-28T14:00:17.858156,ALLOW,,0.0479,0
esp32_temp_1,temperature,2026-03-28T14:00:18.858156,ALLOW,,0.0664,0
camera_1,camera,2026-03-28T14:00:20.858156,ALLOW,,0.0481,0
smart_lock_1,lock,2026-03-28T14:00:22.858156,ALLOW,,0.0407,0
smart_light_1,light,2026-03-28T14:00:25.858156,ALLOW,,0.0255,0
camera_1,camera,2026-03-28T14:00:30.858156,ALLOW,,0.0153,0
esp32_motion_1,motion,2026-03-28T14:00:32.858156,ALLOW,,0.0272,0
smart_light_1,light,2026-03-28T14:00:33.858156,ALLOW,,0.0478,0
esp32_temp_1,temperature,2026-03-28T14:00:35.858156,ALLOW,,0.0907,0
esp32_temp_1,temperature,2026-03-28T14:00:37.858156,ALLOW,,0.1171,0
esp32_motion_1,motion,2026-03-28T14:00:41.858156,BLOCK,High frequency,0.9533,1
esp32_temp_1,temperature,2026-03-28T14:00:44.858156,BLOCK,"Large packet, Bad domain",0.9454,1
smart_light_1,light,2026-03-28T14:00:49.858156,ALLOW,,0.0378,0
smart_light_1,light,2026-03-28T14:00:51.858156,ALLOW,,0.024,0
smart_lock_1,lock,2026-03-28T14:00:54.858156,BLOCK,Sensor anomaly,0.8135,1
smart_lock_1,lock,2026-03-28T14:00:55.858156,ALLOW,,0.0584,0
smart_lock_1,lock,2026-03-28T14:00:58.858156,ALLOW,,0.0546,0
esp32_motion_1,motion,2026-03-28T14:01:00.858156,ALLOW,,0.031,0
smart_light_1,light,2026-03-28T14:01:05.858156,ALLOW,,0.0488,0
esp32_temp_1,temperature,2026-03-28T14:01:06.858156,ALLOW,,0.0528,0
esp32_temp_1,temperature,2026-03-28T14:01:08.858156,ALERT,AI detected anomaly,0.8605,1
esp32_temp_1,temperature,2026-03-28T14:01:10.858156,ALLOW,,0.0907,0
esp32_temp_1,temperature,2026-03-28T14:01:14.858156,ALLOW,,0.0543,0
smart_light_1,light,2026-03-28T14:01:19.858156,ALLOW,,0.0264,0
esp32_motion_1,motion,2026-03-28T14:01:24.858156,BLOCK,High frequency,0.9447,1
camera_1,camera,2026-03-28T14:01:29.858156,ALLOW,,0.0231,0
esp32_temp_1,temperature,2026-03-28T14:01:34.858156,ALLOW,,0.0617,0
esp32_temp_1,temperature,2026-03-28T14:01:36.858156,ALLOW,,0.0436,0
camera_1,camera,2026-03-28T14:01:37.858156,ALLOW,,0.0226,0
smart_light_1,light,2026-03-28T14:01:42.858156,ALLOW,,0.0255,0
camera_1,camera,2026-03-28T14:01:44.858156,ALERT,AI detected anomaly,0.8752,1
camera_1,camera,2026-03-28T14:01:45.858156,ALLOW,,0.031,0
camera_1,camera,2026-03-28T14:01:49.858156,ALLOW,,0.0309,0
esp32_motion_1,motion,2026-03-28T14:01:54.858156,ALLOW,,0.0508,0
esp32_motion_1,motion,2026-03-28T14:01:59.858156,ALLOW,,0.0411,0
esp32_temp_1,temperature,2026-03-28T14:02:04.858156,ALLOW,,0.0298,0
smart_light_1,light,2026-03-28T14:02:07.858156,ALLOW,,0.0262,0
smart_light_1,light,2026-03-28T14:02:12.858156,ALLOW,,0.0228,0
camera_1,camera,2026-03-28T14:02:14.858156,BLOCK,High frequency,0.922,1
smart_light_1,light,2026-03-28T14:02:16.858156,ALLOW,,0.0397,0
smart_light_1,light,2026-03-28T14:02:17.858156,ALLOW,,0.0155,0
camera_1,camera,2026-03-28T14:02:20.858156,ALLOW,,0.0169,0
smart_lock_1,lock,2026-03-28T14:02:24.858156,ALLOW,,0.0223,0
esp32_temp_1,temperature,2026-03-28T14:02:27.858156,ALLOW,,0.0327,0
camera_1,camera,2026-03-28T14:02:31.858156,ALERT,AI detected anomaly,0.8852,1
camera_1,camera,2026-03-28T14:02:33.858156,ALLOW,,0.0707,0
esp32_temp_1,temperature,2026-03-28T14:02:37.858156,ALLOW,,0.0592,0
camera_1,camera,2026-03-28T14:02:38.858156,ALLOW,,0.028,0
smart_light_1,light,2026-03-28T14:02:40.858156,BLOCK,High frequency,0.9112,1
camera_1,camera,2026-03-28T14:02:45.858156,ALLOW,,0.0277,0
esp32_temp_1,temperature,2026-03-28T14:02:50.858156,ALLOW,,0.0315,0
camera_1,camera,2026-03-28T14:02:51.858156,ALLOW,,0.015,0
esp32_motion_1,motion,2026-03-28T14:02:56.858156,BLOCK,Brute force,0.9031,1
esp32_temp_1,temperature,2026-03-28T14:02:57.858156,ALLOW,,0.0542,0
smart_lock_1,lock,2026-03-28T14:02:59.858156,ALLOW,,0.0561,0
smart_light_1,light,2026-03-28T14:03:01.858156,BLOCK,Sensor anomaly,0.9029,1
esp32_motion_1,motion,2026-03-28T14:03:03.858156,ALLOW,,0.0277,0
smart_light_1,light,2026-03-28T14:03:04.858156,ALLOW,,0.0251,0
smart_lock_1,lock,2026-03-28T14:03:07.858156,ALLOW,,0.0253,0
esp32_temp_1,temperature,2026-03-28T14:03:08.858156,ALLOW,,0.0367,0
camera_1,camera,2026-03-28T14:03:09.858156,ALLOW,,0.0251,0
esp32_motion_1,motion,2026-03-28T14:03:12.858156,ALLOW,,0.0475,0
esp32_motion_1,motion,2026-03-28T14:03:14.858156,ALLOW,,0.0532,0
smart_lock_1,lock,2026-03-28T14:03:19.858156,ALLOW,,0.0299,0
esp32_motion_1,motion,2026-03-28T14:03:22.858156,ALLOW,,0.0316,0
smart_lock_1,lock,2026-03-28T14:03:24.858156,ALLOW,,0.0316,0
esp32_temp_1,temperature,2026-03-28T14:03:28.858156,ALLOW,,0.0345,0
esp32_temp_1,temperature,2026-03-28T14:03:31.858156,ALLOW,,0.0293,0
smart_lock_1,lock,2026-03-28T14:03:34.858156,ALLOW,,0.0271,0
smart_lock_1,lock,2026-03-28T14:03:37.858156,ALLOW,,0.0367,0
smart_lock_1,lock,2026-03-28T14:03:40.858156,ALLOW,,0.0216,0
smart_lock_1,lock,2026-03-28T14:03:44.858156,BLOCK,High frequency,0.9096,1
smart_lock_1,lock,2026-03-28T14:03:49.858156,BLOCK,"Large packet, Bad domain",0.975,1
camera_1,camera,2026-03-28T14:03:52.858156,ALLOW,,0.0485,0
camera_1,camera,2026-03-28T14:03:54.858156,ALLOW,,0.0191,0
smart_lock_1,lock,2026-03-28T14:03:59.858156,ALLOW,,0.0317,0
esp32_temp_1,temperature,2026-03-28T14:04:04.858156,ALLOW,,0.0429,0
esp32_motion_1,motion,2026-03-28T14:04:09.858156,ALLOW,,0.0365,0
camera_1,camera,2026-03-28T14:04:13.858156,ALLOW,,0.0338,0
smart_light_1,light,2026-03-28T14:04:15.858156,ALLOW,,0.0479,0
esp32_temp_1,temperature,2026-03-28T14:04:16.858156,ALLOW,,0.0356,0
esp32_motion_1,motion,2026-03-28T14:04:18.858156,ALLOW,,0.0191,0
camera_1,camera,2026-03-28T14:04:23.858156,ALLOW,,0.0253,0
esp32_temp_1,temperature,2026-03-28T14:04:27.858156,ALLOW,,0.1083,0
smart_light_1,light,2026-03-28T14:04:30.858156,ALLOW,,0.0214,0
camera_1,camera,2026-03-28T14:04:35.858156,ALLOW,,0.036,0
camera_1,camera,2026-03-28T14:04:40.858156,ALLOW,,0.0196,0
esp32_motion_1,motion,2026-03-28T14:04:41.858156,ALLOW,,0.0401,0
esp32_temp_1,temperature,2026-03-28T14:04:46.858156,ALLOW,,0.0591,0
smart_lock_1,lock,2026-03-28T14:04:49.858156,ALLOW,,0.0512,0
esp32_temp_1,temperature,2026-03-28T14:04:53.858156,ALLOW,,0.1195,0
esp32_motion_1,motion,2026-03-28T14:04:57.858156,ALLOW,,0.0479,0
smart_lock_1,lock,2026-03-28T14:04:58.858156,ALLOW,,0.0427,0
smart_light_1,light,2026-03-28T14:05:01.858156,ALLOW,,0.0288,0
smart_light_1,light,2026-03-28T14:05:05.858156,ALLOW,,0.0344,0
camera_1,camera,2026-03-28T14:05:07.858156,ALLOW,,0.0385,0
smart_lock_1,lock,2026-03-28T14:05:11.858156,ALLOW,,0.0557,0
esp32_temp_1,temperature,2026-03-28T14:05:12.858156,ALLOW,,0.0482,0
esp32_temp_1,temperature,2026-03-28T14:05:16.858156,ALLOW,,0.0921,0
smart_lock_1,lock,2026-03-28T14:05:19.858156,ALLOW,,0.0416,0
esp32_temp_1,temperature,2026-03-28T14:05:22.858156,BLOCK,"Large packet, Bad domain",0.9594,1
esp32_temp_1,temperature,2026-03-28T14:05:26.858156,ALLOW,,0.0482,0
esp32_temp_1,temperature,2026-03-28T14:05:28.858156,ALLOW,,0.0377,0
smart_lock_1,lock,2026-03-28T14:05:32.858156,ALLOW,,0.0357,0
esp32_motion_1,motion,2026-03-28T14:05:35.858156,ALLOW,,0.027,0
esp32_motion_1,motion,2026-03-28T14:05:40.858156,ALLOW,,0.018,0
esp32_motion_1,motion,2026-03-28T14:05:45.858156,ALLOW,,0.034,0
smart_lock_1,lock,2026-03-28T14:05:49.858156,ALLOW,,0.0404,0
esp32_motion_1,motion,2026-03-28T14:05:54.858156,ALLOW,,0.0361,0
esp32_motion_1,motion,2026-03-28T14:05:55.858156,ALLOW,,0.0388,0
esp32_temp_1,temperature,2026-03-28T14:05:59.858156,ALLOW,,0.0464,0
camera_1,camera,2026-03-28T14:06:03.858156,ALLOW,,0.0227,0
smart_light_1,light,2026-03-28T14:06:06.858156,ALLOW,,0.0362,0
smart_lock_1,lock,2026-03-28T14:06:11.858156,ALLOW,,0.0248,0
esp32_temp_1,temperature,2026-03-28T14:06:16.858156,ALLOW,,0.0533,0
smart_lock_1,lock,2026-03-28T14:06:18.858156,ALLOW,,0.021,0
smart_lock_1,lock,2026-03-28T14:06:23.858156,ALLOW,,0.0293,0
smart_lock_1,lock,2026-03-28T14:06:28.858156,BLOCK,High frequency,0.9384,1
smart_light_1,light,2026-03-28T14:06:29.858156,BLOCK,"Large packet, Bad domain",0.9844,1
esp32_temp_1,temperature,2026-03-28T14:06:34.858156,ALLOW,,0.0421,0
smart_lock_1,lock,2026-03-28T14:06:36.858156,ALLOW,,0.03,0
camera_1,camera,2026-03-28T14:06:41.858156,ALLOW,,0.0193,0
camera_1,camera,2026-03-28T14:06:42.858156,ALLOW,,0.0286,0
camera_1,camera,2026-03-28T14:06:47.858156,ALLOW,,0.0167,0
smart_lock_1,lock,2026-03-28T14:06:50.858156,BLOCK,"Large packet, Bad domain",0.9612,1
smart_lock_1,lock,2026-03-28T14:06:55.858156,ALLOW,,0.0468,0
esp32_temp_1,temperature,2026-03-28T14:07:00.858156,ALLOW,,0.0501,0
camera_1,camera,2026-03-28T14:07:04.858156,ALLOW,,0.0195,0
esp32_motion_1,motion,2026-03-28T14:07:08.858156,ALLOW,,0.0362,0
esp32_temp_1,temperature,2026-03-28T14:07:09.858156,BLOCK,Brute force,0.8705,1
esp32_motion_1,motion,2026-03-28T14:07:10.858156,ALLOW,,0.0206,0
camera_1,camera,2026-03-28T14:07:14.858156,ALLOW,,0.0625,0
esp32_motion_1,motion,2026-03-28T14:07:18.858156,ALLOW,,0.0237,0
camera_1,camera,2026-03-28T14:07:23.858156,ALLOW,,0.0418,0
esp32_temp_1,temperature,2026-03-28T14:07:27.858156,ALLOW,,0.0486,0
esp32_motion_1,motion,2026-03-28T14:07:29.858156,ALLOW,,0.0503,0
camera_1,camera,2026-03-28T14:07:33.858156,ALLOW,,0.0274,0
smart_light_1,light,2026-03-28T14:07:34.858156,ALLOW,,0.0496,0
smart_light_1,light,2026-03-28T14:07:39.858156,BLOCK,"Large packet, Bad domain",0.9723,1
esp32_motion_1,motion,2026-03-28T14:07:42.858156,BLOCK,"Large packet, Bad domain",0.9888,1
smart_lock_1,lock,2026-03-28T14:07:47.858156,BLOCK,"Large packet, Bad domain",0.9593,1
smart_lock_1,lock,2026-03-28T14:07:49.858156,ALLOW,,0.0415,0
smart_lock_1,lock,2026-03-28T14:07:52.858156,BLOCK,Sensor anomaly,0.8874,1
esp32_temp_1,temperature,2026-03-28T14:07:55.858156,ALLOW,,0.5926,1
camera_1,camera,2026-03-28T14:07:56.858156,BLOCK,High frequency,0.8441,1
camera_1,camera,2026-03-28T14:07:59.858156,ALLOW,,0.0291,0
esp32_temp_1,temperature,2026-03-28T14:08:04.858156,ALLOW,,0.0377,0
smart_lock_1,lock,2026-03-28T14:08:06.858156,ALLOW,,0.0334,0
smart_light_1,light,2026-03-28T14:08:08.858156,ALLOW,,0.0325,0
esp32_motion_1,motion,2026-03-28T14:08:10.858156,ALLOW,,0.0456,0
esp32_motion_1,motion,2026-03-28T14:08:12.858156,ALLOW,,0.023,0
smart_light_1,light,2026-03-28T14:08:14.858156,ALLOW,,0.0243,0
smart_light_1,light,2026-03-28T14:08:18.858156,ALLOW,,0.025,0
smart_light_1,light,2026-03-28T14:08:19.858156,ALLOW,,0.0769,0
esp32_motion_1,motion,2026-03-28T14:08:22.858156,ALERT,AI detected anomaly,0.8491,1
camera_1,camera,2026-03-28T14:08:23.858156,BLOCK,"Large packet, Bad domain",0.9598,1
esp32_motion_1,motion,2026-03-28T14:08:25.858156,ALLOW,,0.0447,0
esp32_motion_1,motion,2026-03-28T14:08:28.858156,ALLOW,,0.0594,0
smart_lock_1,lock,2026-03-28T14:08:30.858156,ALLOW,,0.0367,0
esp32_temp_1,temperature,2026-03-28T14:08:34.858156,ALLOW,,0.045,0
camera_1,camera,2026-03-28T14:08:39.858156,ALLOW,,0.0206,0
smart_lock_1,lock,2026-03-28T14:08:42.858156,ALLOW,,0.0341,0
camera_1,camera,2026-03-28T14:08:43.858156,ALLOW,,0.0241,0
esp32_motion_1,motion,2026-03-28T14:08:45.858156,ALLOW,,0.0299,0
esp32_motion_1,motion,2026-03-28T14:08:50.858156,ALLOW,,0.0445,0
esp32_motion_1,motion,2026-03-28T14:08:52.858156,ALLOW,,0.0348,0
smart_lock_1,lock,2026-03-28T14:08:56.858156,ALLOW,,0.5799,1
camera_1,camera,2026-03-28T14:09:01.858156,BLOCK,"Large packet, Bad domain",0.97,1
esp32_temp_1,temperature,2026-03-28T14:09:03.858156,ALLOW,,0.0503,0
camera_1,camera,2026-03-28T14:09:05.858156,ALLOW,,0.023,0
smart_lock_1,lock,2026-03-28T14:09:10.858156,ALLOW,,0.0422,0
smart_light_1,light,2026-03-28T14:09:15.858156,ALLOW,,0.0189,0
esp32_temp_1,temperature,2026-03-28T14:09:16.858156,BLOCK,"Large packet, Bad domain",0.9686,1
smart_lock_1,lock,2026-03-28T14:09:19.858156,ALLOW,,0.016,0
esp32_temp_1,temperature,2026-03-28T14:09:23.858156,ALLOW,,0.0456,0
esp32_temp_1,temperature,2026-03-28T14:09:25.858156,ALLOW,,0.0401,0
esp32_temp_1,temperature,2026-03-28T14:09:26.858156,ALLOW,,0.0452,0
esp32_motion_1,motion,2026-03-28T14:09:28.858156,BLOCK,Brute force,0.8996,1
camera_1,camera,2026-03-28T14:09:29.858156,ALLOW,,0.0113,0
esp32_motion_1,motion,2026-03-28T14:09:32.858156,ALLOW,,0.0275,0
smart_lock_1,lock,2026-03-28T14:09:35.858156,ALLOW,,0.0264,0
smart_light_1,light,2026-03-28T14:09:40.858156,ALLOW,,0.0248,0
esp32_temp_1,temperature,2026-03-28T14:09:42.858156,BLOCK,High frequency,0.9196,1
smart_light_1,light,2026-03-28T14:09:47.858156,ALLOW,,0.0201,0
esp32_temp_1,temperature,2026-03-28T14:09:50.858156,BLOCK,Brute force,0.8107,1
smart_light_1,light,2026-03-28T14:09:54.858156,ALLOW,,0.016,0
camera_1,camera,2026-03-28T14:09:56.858156,ALLOW,,0.0496,0
esp32_temp_1,temperature,2026-03-28T14:09:59.858156,ALLOW,,0.0659,0
esp32_motion_1,motion,2026-03-28T14:10:03.858156,ALLOW,,0.0235,0
smart_light_1,light,2026-03-28T14:10:04.858156,BLOCK,High frequency,0.9409,1
smart_lock_1,lock,2026-03-28T14:10:05.858156,ALLOW,,0.0401,0
esp32_motion_1,motion,2026-03-28T14:10:09.858156,ALLOW,,0.0349,0
esp32_motion_1,motion,2026-03-28T14:10:13.858156,ALLOW,,0.0223,0
smart_lock_1,lock,2026-03-28T14:10:15.858156,ALLOW,,0.0247,0
smart_light_1,light,2026-03-28T14:10:17.858156,ALLOW,,0.0259,0
esp32_motion_1,motion,2026-03-28T14:10:20.858156,ALLOW,,0.0206,0
smart_light_1,light,2026-03-28T14:10:23.858156,ALLOW,,0.0163,0
esp32_temp_1,temperature,2026-03-28T14:10:27.858156,ALLOW,,0.0239,0
smart_light_1,light,2026-03-28T14:10:29.858156,ALLOW,,0.0207,0
camera_1,camera,2026-03-28T14:10:34.858156,ALLOW,,0.0109,0
camera_1,camera,2026-03-28T14:10:39.858156,ALLOW,,0.0243,0
esp32_temp_1,temperature,2026-03-28T14:10:40.858156,ALLOW,,0.0561,0
esp32_temp_1,temperature,2026-03-28T14:10:41.858156,ALLOW,,0.0294,0
smart_light_1,light,2026-03-28T14:10:44.858156,ALLOW,,0.0296,0
smart_light_1,light,2026-03-28T14:10:47.858156,ALLOW,,0.024,0
smart_lock_1,lock,2026-03-28T14:10:48.858156,ALLOW,,0.0309,0
smart_lock_1,lock,2026-03-28T14:10:51.858156,ALLOW,,0.0317,0
camera_1,camera,2026-03-28T14:10:54.858156,ALLOW,,0.0187,0
camera_1,camera,2026-03-28T14:10:58.858156,ALLOW,,0.0279,0
smart_light_1,light,2026-03-28T14:11:02.858156,ALLOW,,0.0381,0
esp32_motion_1,motion,2026-03-28T14:11:04.858156,ALLOW,,0.0345,0
camera_1,camera,2026-03-28T14:11:08.858156,ALERT,AI detected anomaly,0.8244,1
smart_light_1,light,2026-03-28T14:11:12.858156,ALLOW,,0.0211,0
smart_light_1,light,2026-03-28T14:11:14.858156,ALLOW,,0.0157,0
smart_lock_1,lock,2026-03-28T14:11:15.858156,ALLOW,,0.0303,0
smart_lock_1,lock,2026-03-28T14:11:20.858156,ALLOW,,0.0283,0
smart_lock_1,lock,2026-03-28T14:11:25.858156,ALLOW,,0.0197,0
esp32_motion_1,motion,2026-03-28T14:11:27.858156,ALLOW,,0.0246,0
esp32_motion_1,motion,2026-03-28T14:11:31.858156,ALLOW,,0.0473,0
esp32_temp_1,temperature,2026-03-28T14:11:33.858156,ALLOW,,0.074,0
smart_light_1,light,2026-03-28T14:11:36.858156,ALLOW,,0.017,0
smart_lock_1,lock,2026-03-28T14:11:41.858156,ALLOW,,0.0336,0
esp32_motion_1,motion,2026-03-28T14:11:42.858156,ALLOW,,0.0518,0
esp32_motion_1,motion,2026-03-28T14:11:44.858156,ALLOW,,0.0197,0
smart_lock_1,lock,2026-03-28T14:11:47.858156,ALLOW,,0.0452,0
esp32_motion_1,motion,2026-03-28T14:11:48.858156,ALLOW,,0.0397,0
smart_lock_1,lock,2026-03-28T14:11:51.858156,ALLOW,,0.0191,0
esp32_motion_1,motion,2026-03-28T14:11:52.858156,ALLOW,,0.0288,0
camera_1,camera,2026-03-28T14:11:54.858156,ALLOW,,0.026,0
camera_1,camera,2026-03-28T14:11:55.858156,BLOCK,Brute force,0.8481,1
smart_lock_1,lock,2026-03-28T14:12:00.858156,ALLOW,,0.0565,0
camera_1,camera,2026-03-28T14:12:01.858156,ALLOW,,0.0183,0
smart_light_1,light,2026-03-28T14:12:06.858156,ALLOW,,0.0238,0
esp32_temp_1,temperature,2026-03-28T14:12:08.858156,ALLOW,,0.1081,0
esp32_motion_1,motion,2026-03-28T14:12:12.858156,ALLOW,,0.0327,0
camera_1,camera,2026-03-28T14:12:13.858156,ALLOW,,0.0187,0
camera_1,camera,2026-03-28T14:12:15.858156,ALLOW,,0.0196,0
esp32_temp_1,temperature,2026-03-28T14:12:16.858156,ALLOW,,0.063,0
esp32_temp_1,temperature,2026-03-28T14:12:19.858156,ALLOW,,0.0269,0
camera_1,camera,2026-03-28T14:12:23.858156,ALLOW,,0.0168,0
smart_light_1,light,2026-03-28T14:12:27.858156,ALLOW,,0.0281,0
camera_1,camera,2026-03-28T14:12:32.858156,BLOCK,High frequency,0.8614,1
smart_lock_1,lock,2026-03-28T14:12:34.858156,ALLOW,,0.0228,0
smart_light_1,light,2026-03-28T14:12:35.858156,ALLOW,,0.0186,0
camera_1,camera,2026-03-28T14:12:38.858156,ALLOW,,0.0344,0
esp32_temp_1,temperature,2026-03-28T14:12:41.858156,ALLOW,,0.0215,0
smart_lock_1,lock,2026-03-28T14:12:42.858156,ALLOW,,0.1051,0
smart_lock_1,lock,2026-03-28T14:12:46.858156,ALLOW,,0.0262,0
esp32_temp_1,temperature,2026-03-28T14:12:50.858156,ALLOW,,0.0376,0
smart_light_1,light,2026-03-28T14:12:51.858156,ALLOW,,0.0136,0
smart_lock_1,lock,2026-03-28T14:12:55.858156,ALLOW,,0.0236,0
smart_light_1,light,2026-03-28T14:12:59.858156,ALLOW,,0.0186,0
esp32_temp_1,temperature,2026-03-28T14:13:01.858156,ALLOW,,0.021,0
camera_1,camera,2026-03-28T14:13:02.858156,ALLOW,,0.0144,0
smart_lock_1,lock,2026-03-28T14:13:07.858156,ALLOW,,0.0371,0
smart_light_1,light,2026-03-28T14:13:09.858156,ALLOW,,0.0322,0
smart_light_1,light,2026-03-28T14:13:13.858156,BLOCK,Brute force,0.8965,1
smart_lock_1,lock,2026-03-28T14:13:15.858156,ALLOW,,0.0281,0
smart_lock_1,lock,2026-03-28T14:13:17.858156,ALLOW,,0.0371,0
camera_1,camera,2026-03-28T14:13:22.858156,BLOCK,Brute force,0.7986,1
smart_lock_1,lock,2026-03-28T14:13:25.858156,ALLOW,,0.0283,0
smart_light_1,light,2026-03-28T14:13:28.858156,ALLOW,,0.0291,0
esp32_motion_1,motion,2026-03-28T14:13:31.858156,ALLOW,,0.0219,0
esp32_temp_1,temperature,2026-03-28T14:13:35.858156,ALLOW,,0.0433,0
esp32_motion_1,motion,2026-03-28T14:13:39.858156,ALLOW,,0.032,0
smart_light_1,light,2026-03-28T14:13:42.858156,BLOCK,Brute force,0.9223,1
smart_light_1,light,2026-03-28T14:13:43.858156,ALLOW,,0.0138,0
smart_light_1,light,2026-03-28T14:13:48.858156,ALLOW,,0.0204,0
camera_1,camera,2026-03-28T14:13:53.858156,ALLOW,,0.0193,0
camera_1,camera,2026-03-28T14:13:58.858156,ALLOW,,0.0219,0
camera_1,camera,2026-03-28T14:14:02.858156,ALLOW,,0.0151,0
esp32_motion_1,motion,2026-03-28T14:14:05.858156,ALLOW,,0.0463,0
esp32_temp_1,temperature,2026-03-28T14:14:10.858156,ALLOW,,0.0106,0
esp32_motion_1,motion,2026-03-28T14:14:13.858156,BLOCK,High frequency,0.9197,1
smart_lock_1,lock,2026-03-28T14:14:15.858156,ALLOW,,0.0277,0
esp32_motion_1,motion,2026-03-28T14:14:18.858156,ALLOW,,0.0299,0
camera_1,camera,2026-03-28T14:14:22.858156,ALLOW,,0.0199,0
smart_light_1,light,2026-03-28T14:14:27.858156,ALLOW,,0.026,0
smart_light_1,light,2026-03-28T14:14:31.858156,ALLOW,,0.0175,0
esp32_temp_1,temperature,2026-03-28T14:14:34.858156,ALLOW,,0.0495,0
smart_lock_1,lock,2026-03-28T14:14:37.858156,ALLOW,,0.0279,0
smart_lock_1,lock,2026-03-28T14:14:38.858156,ALLOW,,0.0279,0
smart_lock_1,lock,2026-03-28T14:14:43.858156,ALLOW,,0.0326,0
smart_light_1,light,2026-03-28T14:14:44.858156,ALLOW,,0.0263,0
smart_lock_1,lock,2026-03-28T14:14:49.858156,ALLOW,,0.0319,0
smart_lock_1,lock,2026-03-28T14:14:51.858156,ALLOW,,0.0317,0
esp32_temp_1,temperature,2026-03-28T14:14:52.858156,ALLOW,,0.0574,0
esp32_temp_1,temperature,2026-03-28T14:14:55.858156,BLOCK,"Large packet, Bad domain",0.9431,1
esp32_temp_1,temperature,2026-03-28T14:14:56.858156,BLOCK,Brute force,0.9373,1
smart_light_1,light,2026-03-28T14:14:59.858156,ALLOW,,0.024,0
smart_light_1,light,2026-03-28T14:15:03.858156,ALLOW,,0.0771,0
smart_lock_1,lock,2026-03-28T14:15:08.858156,ALLOW,,0.041,0
smart_lock_1,lock,2026-03-28T14:15:10.858156,ALLOW,,0.0225,0
camera_1,camera,2026-03-28T14:15:13.858156,BLOCK,"Large packet, Bad domain",0.9897,1
esp32_temp_1,temperature,2026-03-28T14:15:18.858156,ALLOW,,0.0325,0
esp32_temp_1,temperature,2026-03-28T14:15:22.858156,ALLOW,,0.0498,0
smart_lock_1,lock,2026-03-28T14:15:27.858156,ALLOW,,0.0224,0
smart_lock_1,lock,2026-03-28T14:15:29.858156,ALLOW,,0.0198,0
esp32_motion_1,motion,2026-03-28T14:15:30.858156,ALLOW,,0.0283,0
smart_light_1,light,2026-03-28T14:15:34.858156,ALLOW,,0.0241,0
esp32_motion_1,motion,2026-03-28T14:15:35.858156,ALLOW,,0.0287,0
smart_light_1,light,2026-03-28T14:15:36.858156,ALLOW,,0.0247,0
smart_lock_1,lock,2026-03-28T14:15:40.858156,ALLOW,,0.0331,0
esp32_motion_1,motion,2026-03-28T14:15:42.858156,ALLOW,,0.0269,0
esp32_motion_1,motion,2026-03-28T14:15:45.858156,ALLOW,,0.0408,0
smart_light_1,light,2026-03-28T14:15:48.858156,ALLOW,,0.0134,0
esp32_temp_1,temperature,2026-03-28T14:15:49.858156,BLOCK,High frequency,0.9083,1
camera_1,camera,2026-03-28T14:15:54.858156,ALLOW,,0.0162,0
camera_1,camera,2026-03-28T14:15:58.858156,ALLOW,,0.0232,0
camera_1,camera,2026-03-28T14:16:03.858156,ALLOW,,0.0643,0
esp32_motion_1,motion,2026-03-28T14:16:06.858156,ALLOW,,0.029,0
camera_1,camera,2026-03-28T14:16:07.858156,BLOCK,High frequency,0.9128,1
smart_lock_1,lock,2026-03-28T14:16:10.858156,ALLOW,,0.0255,0
smart_lock_1,lock,2026-03-28T14:16:12.858156,ALLOW,,0.0247,0
smart_lock_1,lock,2026-03-28T14:16:14.858156,ALLOW,,0.0466,0
smart_light_1,light,2026-03-28T14:16:19.858156,ALLOW,,0.0206,0
esp32_temp_1,temperature,2026-03-28T14:16:22.858156,ALLOW,,0.0484,0
camera_1,camera,2026-03-28T14:16:25.858156,ALLOW,,0.0152,0
camera_1,camera,2026-03-28T14:16:28.858156,ALLOW,,0.0187,0
smart_light_1,light,2026-03-28T14:16:33.858156,ALLOW,,0.0509,0
esp32_motion_1,motion,2026-03-28T14:16:36.858156,ALLOW,,0.0299,0
esp32_temp_1,temperature,2026-03-28T14:16:39.858156,ALLOW,,0.0616,0
smart_lock_1,lock,2026-03-28T14:16:44.858156,ALLOW,,0.0249,0
smart_lock_1,lock,2026-03-28T14:16:47.858156,BLOCK,Brute force,0.9337,1
camera_1,camera,2026-03-28T14:16:49.858156,ALLOW,,0.0276,0
esp32_temp_1,temperature,2026-03-28T14:16:51.858156,ALLOW,,0.0717,0
camera_1,camera,2026-03-28T14:16:52.858156,ALLOW,,0.0168,0
esp32_temp_1,temperature,2026-03-28T14:16:55.858156,ALLOW,,0.0854,0
esp32_temp_1,temperature,2026-03-28T14:17:00.858156,ALLOW,,0.0328,0
camera_1,camera,2026-03-28T14:17:05.858156,ALLOW,,0.0258,0
esp32_motion_1,motion,2026-03-28T14:17:10.858156,BLOCK,High frequency,0.9324,1
camera_1,camera,2026-03-28T14:17:15.858156,ALLOW,,0.0262,0
esp32_motion_1,motion,2026-03-28T14:17:16.858156,ALLOW,,0.0356,0
smart_lock_1,lock,2026-03-28T14:17:21.858156,ALLOW,,0.0256,0
esp32_temp_1,temperature,2026-03-28T14:17:23.858156,ALLOW,,0.0472,0
esp32_temp_1,temperature,2026-03-28T14:17:26.858156,ALLOW,,0.0473,0
esp32_motion_1,motion,2026-03-28T14:17:27.858156,ALLOW,,0.0289,0
camera_1,camera,2026-03-28T14:17:28.858156,ALLOW,,0.0106,0
camera_1,camera,2026-03-28T14:17:31.858156,ALLOW,,0.0417,0
smart_lock_1,lock,2026-03-28T14:17:33.858156,ALLOW,,0.5249,1
esp32_motion_1,motion,2026-03-28T14:17:38.858156,ALLOW,,0.0193,0
esp32_motion_1,motion,2026-03-28T14:17:43.858156,ALLOW,,0.0495,0
smart_lock_1,lock,2026-03-28T14:17:44.858156,ALLOW,,0.0458,0
smart_light_1,light,2026-03-28T14:17:47.858156,ALLOW,,0.0396,0
esp32_motion_1,motion,2026-03-28T14:17:48.858156,ALLOW,,0.0244,0
smart_lock_1,lock,2026-03-28T14:17:50.858156,ALLOW,,0.0242,0
camera_1,camera,2026-03-28T14:17:51.858156,ALLOW,,0.0247,0
esp32_motion_1,motion,2026-03-28T14:17:52.858156,ALLOW,,0.0339,0
smart_light_1,light,2026-03-28T14:17:53.858156,ALLOW,,0.0314,0
smart_light_1,light,2026-03-28T14:17:54.858156,ALLOW,,0.0289,0
camera_1,camera,2026-03-28T14:17:56.858156,ALLOW,,0.0436,0
camera_1,camera,2026-03-28T14:17:58.858156,BLOCK,High frequency,0.8307,1
esp32_motion_1,motion,2026-03-28T14:18:03.858156,ALLOW,,0.0305,0
camera_1,camera,2026-03-28T14:18:08.858156,BLOCK,"Large packet, Bad domain",0.995,1
smart_lock_1,lock,2026-03-28T14:18:11.858156,ALLOW,,0.0237,0
smart_light_1,light,2026-03-28T14:18:16.858156,ALLOW,,0.0162,0
camera_1,camera,2026-03-28T14:18:20.858156,ALLOW,,0.0221,0
esp32_motion_1,motion,2026-03-28T14:18:25.858156,ALLOW,,0.0277,0
smart_lock_1,lock,2026-03-28T14:18:29.858156,ALLOW,,0.0195,0
smart_lock_1,lock,2026-03-28T14:18:32.858156,ALLOW,,0.0257,0
esp32_motion_1,motion,2026-03-28T14:18:34.858156,ALLOW,,0.0223,0
smart_light_1,light,2026-03-28T14:18:36.858156,ALLOW,,0.0227,0
esp32_motion_1,motion,2026-03-28T14:18:40.858156,ALLOW,,0.0314,0
smart_lock_1,lock,2026-03-28T14:18:44.858156,ALLOW,,0.028,0
esp32_motion_1,motion,2026-03-28T14:18:46.858156,BLOCK,Brute force,0.9467,1
esp32_motion_1,motion,2026-03-28T14:18:50.858156,ALLOW,,0.0438,0
esp32_temp_1,temperature,2026-03-28T14:18:52.858156,ALLOW,,0.0199,0
smart_lock_1,lock,2026-03-28T14:18:53.858156,ALLOW,,0.0238,0
camera_1,camera,2026-03-28T14:18:54.858156,ALLOW,,0.0101,0
smart_light_1,light,2026-03-28T14:18:57.858156,BLOCK,Sensor anomaly,0.7572,1
esp32_temp_1,temperature,2026-03-28T14:19:01.858156,ALLOW,,0.0598,0
smart_lock_1,lock,2026-03-28T14:19:02.858156,ALLOW,,0.0253,0
esp32_motion_1,motion,2026-03-28T14:19:05.858156,ALLOW,,0.042,0
smart_light_1,light,2026-03-28T14:19:07.858156,ALLOW,,0.0324,0
camera_1,camera,2026-03-28T14:19:10.858156,ALLOW,,0.0165,0
smart_light_1,light,2026-03-28T14:19:12.858156,ALLOW,,0.0189,0
camera_1,camera,2026-03-28T14:19:15.858156,ALLOW,,0.0227,0
camera_1,camera,2026-03-28T14:19:17.858156,ALLOW,,0.0238,0
smart_light_1,light,2026-03-28T14:19:20.858156,ALLOW,,0.0135,0
esp32_temp_1,temperature,2026-03-28T14:19:25.858156,ALLOW,,0.0469,0
esp32_temp_1,temperature,2026-03-28T14:19:26.858156,ALLOW,,0.0305,0
smart_lock_1,lock,2026-03-28T14:19:29.858156,ALLOW,,0.024,0
camera_1,camera,2026-03-28T14:19:30.858156,ALLOW,,0.0064,0
esp32_motion_1,motion,2026-03-28T14:19:33.858156,ALLOW,,0.0353,0
camera_1,camera,2026-03-28T14:19:35.858156,ALLOW,,0.0177,0
smart_lock_1,lock,2026-03-28T14:19:38.858156,ALLOW,,0.0178,0
esp32_temp_1,temperature,2026-03-28T14:19:43.858156,BLOCK,Brute force,0.9308,1
esp32_temp_1,temperature,2026-03-28T14:19:45.858156,ALLOW,,0.0425,0
esp32_temp_1,temperature,2026-03-28T14:19:46.858156,ALLOW,,0.0298,0
camera_1,camera,2026-03-28T14:19:47.858156,ALLOW,,0.0165,0
esp32_temp_1,temperature,2026-03-28T14:19:52.858156,ALLOW,,0.0357,0
smart_light_1,light,2026-03-28T14:19:55.858156,ALLOW,,0.0278,0
smart_lock_1,lock,2026-03-28T14:19:58.858156,ALLOW,,0.0165,0
esp32_temp_1,temperature,2026-03-28T14:20:01.858156,ALLOW,,0.0481,0
smart_light_1,light,2026-03-28T14:20:02.858156,ALLOW,,0.0138,0
camera_1,camera,2026-03-28T14:20:06.858156,ALLOW,,0.0167,0
smart_light_1,light,2026-03-28T14:20:09.858156,BLOCK,High frequency,0.8412,1
smart_lock_1,lock,2026-03-28T14:20:12.858156,ALLOW,,0.0189,0
smart_lock_1,lock,2026-03-28T14:20:15.858156,ALLOW,,0.0269,0
esp32_motion_1,motion,2026-03-28T14:20:17.858156,ALLOW,,0.0311,0
esp32_motion_1,motion,2026-03-28T14:20:18.858156,ALLOW,,0.0275,0
smart_light_1,light,2026-03-28T14:20:23.858156,ALLOW,,0.0151,0
smart_lock_1,lock,2026-03-28T14:20:25.858156,ALLOW,,0.0168,0
smart_light_1,light,2026-03-28T14:20:28.858156,ALLOW,,0.0186,0
smart_light_1,light,2026-03-28T14:20:33.858156,ALLOW,,0.0601,0
esp32_temp_1,temperature,2026-03-28T14:20:34.858156,BLOCK,High frequency,0.842,1
camera_1,camera,2026-03-28T14:20:39.858156,ALLOW,,0.0167,0
smart_light_1,light,2026-03-28T14:20:41.858156,ALLOW,,0.0157,0
esp32_motion_1,motion,2026-03-28T14:20:42.858156,BLOCK,"Large packet, Bad domain",0.9922,1
smart_light_1,light,2026-03-28T14:20:45.858156,ALLOW,,0.024,0
esp32_temp_1,temperature,2026-03-28T14:20:47.858156,ALLOW,,0.0434,0
smart_lock_1,lock,2026-03-28T14:20:50.858156,ALLOW,,0.0223,0
smart_lock_1,lock,2026-03-28T14:20:52.858156,ALLOW,,0.0195,0
esp32_temp_1,temperature,2026-03-28T14:20:56.858156,ALLOW,,0.0976,0
smart_lock_1,lock,2026-03-28T14:21:01.858156,ALERT,AI detected anomaly,0.8381,1
smart_lock_1,lock,2026-03-28T14:21:04.858156,BLOCK,"Large packet, Bad domain",0.9618,1
smart_lock_1,lock,2026-03-28T14:21:07.858156,ALLOW,,0.0422,0
smart_lock_1,lock,2026-03-28T14:21:11.858156,ALLOW,,0.0239,0
smart_light_1,light,2026-03-28T14:21:13.858156,ALLOW,,0.0183,0
camera_1,camera,2026-03-28T14:21:16.858156,ALLOW,,0.0275,0
esp32_motion_1,motion,2026-03-28T14:21:21.858156,ALLOW,,0.0255,0
esp32_motion_1,motion,2026-03-28T14:21:22.858156,ALLOW,,0.0209,0
smart_light_1,light,2026-03-28T14:21:26.858156,ALLOW,,0.0184,0
esp32_temp_1,temperature,2026-03-28T14:21:27.858156,ALLOW,,0.0155,0
smart_light_1,light,2026-03-28T14:21:30.858156,ALLOW,,0.0229,0
esp32_motion_1,motion,2026-03-28T14:21:31.858156,ALLOW,,0.0277,0
esp32_temp_1,temperature,2026-03-28T14:21:34.858156,ALLOW,,0.0528,0
esp32_motion_1,motion,2026-03-28T14:21:36.858156,ALLOW,,0.0245,0
camera_1,camera,2026-03-28T14:21:41.858156,BLOCK,High frequency,0.9211,1
smart_light_1,light,2026-03-28T14:21:43.858156,ALLOW,,0.0216,0
smart_light_1,light,2026-03-28T14:21:47.858156,ALLOW,,0.0101,0
smart_light_1,light,2026-03-28T14:21:52.858156,ALLOW,,0.015,0
smart_light_1,light,2026-03-28T14:21:55.858156,ALLOW,,0.0095,0
camera_1,camera,2026-03-28T14:21:57.858156,ALLOW,,0.0185,0
esp32_temp_1,temperature,2026-03-28T14:21:58.858156,ALLOW,,0.0612,0
esp32_temp_1,temperature,2026-03-28T14:22:03.858156,ALLOW,,0.0205,0
esp32_motion_1,motion,2026-03-28T14:22:06.858156,ALLOW,,0.0248,0
esp32_temp_1,temperature,2026-03-28T14:22:07.858156,ALLOW,,0.0417,0
smart_lock_1,lock,2026-03-28T14:22:08.858156,ALLOW,,0.0325,0
esp32_temp_1,temperature,2026-03-28T14:22:09.858156,ALLOW,,0.0545,0
smart_lock_1,lock,2026-03-28T14:22:13.858156,ALLOW,,0.0349,0
camera_1,camera,2026-03-28T14:22:15.858156,BLOCK,High frequency,0.874,1
esp32_temp_1,temperature,2026-03-28T14:22:19.858156,ALLOW,,0.0181,0
esp32_motion_1,motion,2026-03-28T14:22:22.858156,ALLOW,,0.0282,0
smart_light_1,light,2026-03-28T14:22:27.858156,ALLOW,,0.0193,0
esp32_motion_1,motion,2026-03-28T14:22:28.858156,BLOCK,"Large packet, Bad domain",0.9877,1
esp32_temp_1,temperature,2026-03-28T14:22:33.858156,ALLOW,,0.0669,0
camera_1,camera,2026-03-28T14:22:38.858156,ALLOW,,0.0197,0
esp32_motion_1,motion,2026-03-28T14:22:39.858156,ALLOW,,0.0295,0
camera_1,camera,2026-03-28T14:22:42.858156,ALLOW,,0.0241,0
smart_lock_1,lock,2026-03-28T14:22:47.858156,ALLOW,,0.0345,0
smart_lock_1,lock,2026-03-28T14:22:48.858156,ALLOW,,0.0324,0
esp32_motion_1,motion,2026-03-28T14:22:53.858156,BLOCK,High frequency,0.9155,1
camera_1,camera,2026-03-28T14:22:58.858156,ALLOW,,0.015,0
smart_lock_1,lock,2026-03-28T14:23:02.858156,ALLOW,,0.0331,0
smart_light_1,light,2026-03-28T14:23:03.858156,ALLOW,,0.0274,0
esp32_temp_1,temperature,2026-03-28T14:23:04.858156,ALLOW,,0.0386,0
camera_1,camera,2026-03-28T14:23:07.858156,ALLOW,,0.0239,0
esp32_motion_1,motion,2026-03-28T14:23:12.858156,ALLOW,,0.0278,0
smart_light_1,light,2026-03-28T14:23:13.858156,ALLOW,,0.023,0
smart_lock_1,lock,2026-03-28T14:23:15.858156,ALLOW,,0.0436,0
camera_1,camera,2026-03-28T14:23:16.858156,ALLOW,,0.0286,0
smart_lock_1,lock,2026-03-28T14:23:20.858156,BLOCK,Brute force,0.8933,1
esp32_temp_1,temperature,2026-03-28T14:23:23.858156,ALLOW,,0.0442,0
esp32_motion_1,motion,2026-03-28T14:23:25.858156,ALLOW,,0.0389,0
smart_light_1,light,2026-03-28T14:23:28.858156,ALLOW,,0.0199,0
esp32_motion_1,motion,2026-03-28T14:23:32.858156,ALLOW,,0.0299,0
esp32_temp_1,temperature,2026-03-28T14:23:37.858156,ALLOW,,0.0691,0
esp32_motion_1,motion,2026-03-28T14:23:42.858156,BLOCK,Brute force,0.8569,1
esp32_temp_1,temperature,2026-03-28T14:23:46.858156,ALLOW,,0.0344,0
esp32_motion_1,motion,2026-03-28T14:23:51.858156,ALLOW,,0.0458,0
esp32_motion_1,motion,2026-03-28T14:23:55.858156,ALLOW,,0.0198,0
esp32_motion_1,motion,2026-03-28T14:23:59.858156,ALLOW,,0.0816,0
smart_light_1,light,2026-03-28T14:24:02.858156,ALLOW,,0.073,0
camera_1,camera,2026-03-28T14:24:04.858156,ALLOW,,0.0309,0
smart_light_1,light,2026-03-28T14:24:05.858156,ALLOW,,0.0417,0
smart_lock_1,lock,2026-03-28T14:24:10.858156,BLOCK,Brute force,0.858,1
smart_light_1,light,2026-03-28T14:24:11.858156,ALLOW,,0.0234,0
esp32_temp_1,temperature,2026-03-28T14:24:15.858156,ALLOW,,0.0593,0
smart_light_1,light,2026-03-28T14:24:16.858156,ALLOW,,0.0341,0
esp32_temp_1,temperature,2026-03-28T14:24:18.858156,ALLOW,,0.0468,0
esp32_motion_1,motion,2026-03-28T14:24:20.858156,BLOCK,"Large packet, Bad domain",0.9949,1
smart_light_1,light,2026-03-28T14:24:22.858156,ALLOW,,0.0299,0
camera_1,camera,2026-03-28T14:24:23.858156,ALERT,AI detected anomaly,0.8797,1
smart_light_1,light,2026-03-28T14:24:25.858156,ALLOW,,0.0268,0
smart_light_1,light,2026-03-28T14:24:30.858156,ALLOW,,0.0231,0
camera_1,camera,2026-03-28T14:24:31.858156,ALLOW,,0.0229,0
esp32_temp_1,temperature,2026-03-28T14:24:32.858156,ALLOW,,0.0285,0
smart_lock_1,lock,2026-03-28T14:24:37.858156,BLOCK,Brute force,0.8947,1
esp32_temp_1,temperature,2026-03-28T14:24:38.858156,ALLOW,,0.041,0
smart_lock_1,lock,2026-03-28T14:24:42.858156,ALLOW,,0.0295,0
esp32_motion_1,motion,2026-03-28T14:24:44.858156,ALLOW,,0.0304,0
smart_lock_1,lock,2026-03-28T14:24:47.858156,ALLOW,,0.0359,0
camera_1,camera,2026-03-28T14:24:48.858156,BLOCK,Brute force,0.9355,1
esp32_temp_1,temperature,2026-03-28T14:24:52.858156,ALLOW,,0.0278,0
smart_light_1,light,2026-03-28T14:24:57.858156,ALLOW,,0.0184,0
smart_lock_1,lock,2026-03-28T14:25:01.858156,ALLOW,,0.0376,0
smart_lock_1,lock,2026-03-28T14:25:02.858156,ALLOW,,0.0363,0
camera_1,camera,2026-03-28T14:25:04.858156,ALLOW,,0.0375,0
esp32_motion_1,motion,2026-03-28T14:25:05.858156,ALLOW,,0.5804,1
esp32_temp_1,temperature,2026-03-28T14:25:10.858156,ALLOW,,0.0895,0
esp32_temp_1,temperature,2026-03-28T14:25:15.858156,ALLOW,,0.5674,1
esp32_motion_1,motion,2026-03-28T14:25:18.858156,ALLOW,,0.0416,0
esp32_motion_1,motion,2026-03-28T14:25:21.858156,ALLOW,,0.0302,0
smart_light_1,light,2026-03-28T14:25:24.858156,ALLOW,,0.032,0
smart_lock_1,lock,2026-03-28T14:25:25.858156,ALLOW,,0.0264,0
smart_light_1,light,2026-03-28T14:25:30.858156,ALLOW,,0.0209,0
esp32_temp_1,temperature,2026-03-28T14:25:33.858156,ALLOW,,0.0423,0
smart_lock_1,lock,2026-03-28T14:25:38.858156,ALLOW,,0.032,0
camera_1,camera,2026-03-28T14:25:41.858156,ALLOW,,0.0213,0
camera_1,camera,2026-03-28T14:25:45.858156,ALLOW,,0.014,0
camera_1,camera,2026-03-28T14:25:49.858156,ALLOW,,0.0255,0
camera_1,camera,2026-03-28T14:25:53.858156,ALLOW,,0.0142,0
smart_light_1,light,2026-03-28T14:25:56.858156,ALLOW,,0.0422,0
esp32_motion_1,motion,2026-03-28T14:25:57.858156,ALLOW,,0.0252,0
esp32_motion_1,motion,2026-03-28T14:26:01.858156,ALLOW,,0.0579,0
esp32_motion_1,motion,2026-03-28T14:26:03.858156,ALLOW,,0.0446,0
esp32_temp_1,temperature,2026-03-28T14:26:04.858156,ALLOW,,0.061,0
esp32_temp_1,temperature,2026-03-28T14:26:07.858156,ALLOW,,0.069,0
camera_1,camera,2026-03-28T14:26:12.858156,ALLOW,,0.0276,0
smart_lock_1,lock,2026-03-28T14:26:15.858156,BLOCK,High frequency,0.9096,1
camera_1,camera,2026-03-28T14:26:20.858156,ALLOW,,0.0265,0
esp32_motion_1,motion,2026-03-28T14:26:21.858156,ALLOW,,0.023,0
camera_1,camera,2026-03-28T14:26:23.858156,ALLOW,,0.0671,0
camera_1,camera,2026-03-28T14:26:27.858156,ALLOW,,0.0251,0
camera_1,camera,2026-03-28T14:26:30.858156,ALLOW,,0.019,0
smart_lock_1,lock,2026-03-28T14:26:35.858156,ALLOW,,0.031,0
esp32_temp_1,temperature,2026-03-28T14:26:36.858156,ALLOW,,0.0344,0
esp32_temp_1,temperature,2026-03-28T14:26:37.858156,ALLOW,,0.0642,0
esp32_motion_1,motion,2026-03-28T14:26:41.858156,ALLOW,,0.0501,0
smart_light_1,light,2026-03-28T14:26:45.858156,ALLOW,,0.0112,0
smart_light_1,light,2026-03-28T14:26:48.858156,ALLOW,,0.0134,0
smart_light_1,light,2026-03-28T14:26:53.858156,ALLOW,,0.0213,0
smart_light_1,light,2026-03-28T14:26:58.858156,ALLOW,,0.019,0
esp32_motion_1,motion,2026-03-28T14:27:03.858156,BLOCK,"Large packet, Bad domain",0.9899,1
esp32_temp_1,temperature,2026-03-28T14:27:05.858156,ALLOW,,0.0855,0
