device_id,device_type,timestamp,temperature,humidity,motion_detected,packet_size,send_interval,failed_login_attempts,target_domain,label
smart_lock_1,lock,2026-03-28T13:37:24.858156,0,0,0,351,7.72,0,telemetry.internal,0
smart_lock_1,lock,2026-03-28T13:37:25.858156,0,0,0,225,2.22,0,telemetry.internal,0
smart_lock_1,lock,2026-03-28T13:37:29.858156,88.68434721931706,0,0,205,2.64,0,telemetry.internal,1
esp32_motion_1,motion,2026-03-28T13:37:31.858156,0,0,0,243,1.9,0,api.home.local,0
esp32_motion_1,motion,2026-03-28T13:37:36.858156,0,0,1,65,2.9,0,cloud.iot.safe,0
esp32_motion_1,motion,2026-03-28T13:37:39.858156,0,0,1,275,6.65,0,cloud.iot.safe,0
esp32_motion_1,motion,2026-03-28T13:37:41.858156,0,0,0,305,7.75,0,telemetry.internal,0
camera_1,camera,2026-03-28T13:37:44.858156,0,0,0,207,5.57,0,cloud.iot.safe,0
smart_light_1,light,2026-03-28T13:37:46.858156,0,0,0,212,3.69,0,telemetry.internal,0
smart_light_1,light,2026-03-28T13:37:51.858156,0,0,0,249,2.92,0,api.home.local,0
smart_light_1,light,2026-03-28T13:37:56.858156,0,0,0,4661,4.54,0,unknown-remote.biz,1
smart_lock_1,lock,2026-03-28T13:38:01.858156,0,0,0,169,8.95,0,cloud.iot.safe,0
camera_1,camera,2026-03-28T13:38:06.858156,16.35407985901874,0,0,273,7.65,0,cloud.iot.safe,1
smart_lock_1,lock,2026-03-28T13:38:07.858156,0,0,0,308,1.49,0,api.home.local,0
esp32_temp_1,temperature,2026-03-28T13:38:08.858156,22.99,34.46,0,280,1.02,0,api.home.local,0
esp32_temp_1,temperature,2026-03-28T13:38:11.858156,27.19,36.36,0,189,1.16,0,api.home.local,0
esp32_temp_1,temperature,2026-03-28T13:38:13.858156,22.19,44.47,0,169,8.71,0,cloud.iot.safe,0
camera_1,camera,2026-03-28T13:38:18.858156,0,0,0,440,7.01,0,telemetry.internal,0
smart_light_1,light,2026-03-28T13:38:21.858156,0,0,0,421,8.87,0,cloud.iot.safe,0
esp32_temp_1,temperature,2026-03-28T13:38:23.858156,26.49,58.88,0,293,6.99,0,telemetry.internal,0
esp32_temp_1,temperature,2026-03-28T13:38:26.858156,23.48,31.37,0,294,7.08,0,cloud.iot.safe,0
esp32_temp_1,temperature,2026-03-28T13:38:30.858156,26.39,44.73,0,311,0.011,0,cloud.iot.safe,1
camera_1,camera,2026-03-28T13:38:32.858156,0,0,0,184,5.14,0,api.home.local,0
esp32_motion_1,motion,2026-03-28T13:38:33.858156,0,0,0,467,9.49,6,api.home.local,1
smart_light_1,light,2026-03-28T13:38:34.858156,0,0,0,477,7.86,0,api.home.local,0
smart_light_1,light,2026-03-28T13:38:35.858156,0,0,0,329,4.09,0,api.home.local,0
esp32_motion_1,motion,2026-03-28T13:38:39.858156,0,0,1,267,4.37,0,cloud.iot.safe,0
smart_light_1,light,2026-03-28T13:38:41.858156,0,0,0,355,9.09,0,api.home.local,0
smart_lock_1,lock,2026-03-28T13:38:45.858156,0,0,0,457,4.95,0,api.home.local,0
camera_1,camera,2026-03-28T13:38:47.858156,0,0,0,454,8.27,0,cloud.iot.safe,0
esp32_temp_1,temperature,2026-03-28T13:38:50.858156,27.15,56.24,0,250,8.16,0,cloud.iot.safe,0
smart_lock_1,lock,2026-03-28T13:38:53.858156,0,0,0,466,5.2,0,cloud.iot.safe,0
esp32_temp_1,temperature,2026-03-28T13:38:54.858156,29.37,37.43,0,145,3.98,0,api.home.local,0
camera_1,camera,2026-03-28T13:38:56.858156,0,0,0,384,3.13,0,cloud.iot.safe,0
smart_light_1,light,2026-03-28T13:39:01.858156,74.19675566101255,0,0,104,5.08,0,api.home.local,1
esp32_motion_1,motion,2026-03-28T13:39:05.858156,0,0,1,487,4.94,0,telemetry.internal,0
esp32_motion_1,motion,2026-03-28T13:39:09.858156,0,0,1,101,8.88,0,telemetry.internal,0
esp32_motion_1,motion,2026-03-28T13:39:14.858156,0,0,0,192,0.061,0,telemetry.internal,1
smart_lock_1,lock,2026-03-28T13:39:15.858156,0,0,0,342,7.34,0,telemetry.internal,0
camera_1,camera,2026-03-28T13:39:20.858156,0,0,0,339,5.05,18,api.home.local,1
smart_light_1,light,2026-03-28T13:39:24.858156,0,0,0,336,9.76,0,cloud.iot.safe,0
camera_1,camera,2026-03-28T13:39:27.858156,0,0,0,99,1.51,0,cloud.iot.safe,0
camera_1,camera,2026-03-28T13:39:30.858156,0,0,0,130,7.16,0,telemetry.internal,0
esp32_motion_1,motion,2026-03-28T13:39:34.858156,0,0,1,492,9.42,0,cloud.iot.safe,0
esp32_temp_1,temperature,2026-03-28T13:39:38.858156,29.5,59.69,0,413,2.69,0,cloud.iot.safe,0
esp32_motion_1,motion,2026-03-28T13:39:40.858156,0,0,0,497,4.58,0,telemetry.internal,0
smart_lock_1,lock,2026-03-28T13:39:41.858156,0,0,0,207,2.83,0,telemetry.internal,0
esp32_motion_1,motion,2026-03-28T13:39:45.858156,0,0,1,386,3.04,8,api.home.local,1
smart_lock_1,lock,2026-03-28T13:39:50.858156,0,0,0,128,6.53,0,api.home.local,0
esp32_motion_1,motion,2026-03-28T13:39:55.858156,0,0,1,259,6.6,0,telemetry.internal,0
camera_1,camera,2026-03-28T13:39:59.858156,0,0,0,2856,5.31,0,unknown-remote.biz,1
camera_1,camera,2026-03-28T13:40:01.858156,0,0,0,101,5.84,0,api.home.local,0
smart_lock_1,lock,2026-03-28T13:40:05.858156,0,0,0,367,8.91,0,api.home.local,0
smart_lock_1,lock,2026-03-28T13:40:07.858156,0,0,0,251,6.82,0,cloud.iot.safe,0
esp32_motion_1,motion,2026-03-28T13:40:11.858156,0,0,0,466,1.05,0,telemetry.internal,0
camera_1,camera,2026-03-28T13:40:12.858156,0,0,0,133,2.38,0,telemetry.internal,0
camera_1,camera,2026-03-28T13:40:17.858156,0,0,0,410,2.03,0,telemetry.internal,0
esp32_motion_1,motion,2026-03-28T13:40:19.858156,0,0,1,431,6.3,0,cloud.iot.safe,0
esp32_motion_1,motion,2026-03-28T13:40:24.858156,0,0,0,392,7.13,0,telemetry.internal,0
smart_light_1,light,2026-03-28T13:40:26.858156,0,0,0,107,4.36,0,telemetry.internal,0
camera_1,camera,2026-03-28T13:40:29.858156,0,0,0,322,9.13,0,cloud.iot.safe,0
esp32_motion_1,motion,2026-03-28T13:40:32.858156,0,0,0,195,1.12,0,api.home.local,0
smart_lock_1,lock,2026-03-28T13:40:35.858156,0,0,0,344,5.56,0,api.home.local,0
esp32_motion_1,motion,2026-03-28T13:40:36.858156,38.16003332621143,0,1,176,7.17,0,cloud.iot.safe,1
smart_light_1,light,2026-03-28T13:40:39.858156,0,0,0,64,9.02,0,api.home.local,0
smart_light_1,light,2026-03-28T13:40:42.858156,0,0,0,113,1.6,0,cloud.iot.safe,0
smart_light_1,light,2026-03-28T13:40:47.858156,0,0,0,162,8.42,0,telemetry.internal,0
camera_1,camera,2026-03-28T13:40:51.858156,0,0,0,348,9.38,0,cloud.iot.safe,0
camera_1,camera,2026-03-28T13:40:52.858156,0,0,0,393,6.92,0,api.home.local,0
smart_lock_1,lock,2026-03-28T13:40:55.858156,0,0,0,408,1.07,0,api.home.local,0
camera_1,camera,2026-03-28T13:40:56.858156,0,0,0,106,5.2,0,telemetry.internal,0
smart_lock_1,lock,2026-03-28T13:40:57.858156,0,0,0,243,7.68,0,telemetry.internal,0
camera_1,camera,2026-03-28T13:41:01.858156,0,0,0,457,2.9,0,cloud.iot.safe,0
esp32_temp_1,temperature,2026-03-28T13:41:05.858156,20.66,39.57,0,283,3.35,0,api.home.local,0
camera_1,camera,2026-03-28T13:41:07.858156,0,0,0,395,7.1,0,cloud.iot.safe,0
smart_light_1,light,2026-03-28T13:41:11.858156,0,0,0,355,1.68,0,telemetry.internal,0
esp32_motion_1,motion,2026-03-28T13:41:15.858156,0,0,1,132,2.06,0,cloud.iot.safe,0
smart_lock_1,lock,2026-03-28T13:41:18.858156,0,0,0,209,1.18,0,telemetry.internal,0
smart_lock_1,lock,2026-03-28T13:41:20.858156,0,0,0,270,7.36,0,telemetry.internal,0
esp32_temp_1,temperature,2026-03-28T13:41:21.858156,22.1,50.57,0,456,4.25,0,cloud.iot.safe,0
esp32_temp_1,temperature,2026-03-28T13:41:23.858156,20.14,34.18,0,474,3.02,0,api.home.local,0
smart_light_1,light,2026-03-28T13:41:27.858156,0,0,0,434,7.88,0,api.home.local,0
smart_light_1,light,2026-03-28T13:41:28.858156,0,0,0,82,3.29,0,telemetry.internal,0
esp32_motion_1,motion,2026-03-28T13:41:30.858156,0,0,1,241,6.9,0,api.home.local,0
esp32_temp_1,temperature,2026-03-28T13:41:35.858156,21.47,56.8,0,444,8.58,0,api.home.local,0
smart_light_1,light,2026-03-28T13:41:38.858156,0,0,0,101,4.52,0,cloud.iot.safe,0
smart_lock_1,lock,2026-03-28T13:41:41.858156,0,0,0,3603,6.73,0,malicious-drop.net,1
smart_light_1,light,2026-03-28T13:41:44.858156,0,0,0,119,1.59,0,cloud.iot.safe,0
esp32_motion_1,motion,2026-03-28T13:41:49.858156,0,0,0,397,5.48,0,telemetry.internal,0
esp32_motion_1,motion,2026-03-28T13:41:50.858156,0,0,1,64,2.69,0,telemetry.internal,0
camera_1,camera,2026-03-28T13:41:51.858156,0,0,0,489,0.023,0,api.home.local,1
smart_lock_1,lock,2026-03-28T13:41:54.858156,0,0,0,482,7.64,0,cloud.iot.safe,0
esp32_motion_1,motion,2026-03-28T13:41:55.858156,0,0,0,247,4.13,0,api.home.local,0
esp32_motion_1,motion,2026-03-28T13:41:58.858156,0,0,0,60,6.17,0,api.home.local,0
esp32_temp_1,temperature,2026-03-28T13:41:59.858156,23.79,48.95,0,111,4.8,0,telemetry.internal,0
esp32_temp_1,temperature,2026-03-28T13:42:04.858156,20.53,38.75,0,232,3.28,0,telemetry.internal,0
smart_light_1,light,2026-03-28T13:42:06.858156,0,0,0,312,5.52,0,telemetry.internal,0
camera_1,camera,2026-03-28T13:42:11.858156,0,0,0,338,6.41,0,telemetry.internal,0
camera_1,camera,2026-03-28T13:42:12.858156,0,0,0,93,2.14,0,cloud.iot.safe,0
smart_lock_1,lock,2026-03-28T13:42:15.858156,0,0,0,381,5.66,0,telemetry.internal,0
smart_lock_1,lock,2026-03-28T13:42:16.858156,0,0,0,400,1.14,0,api.home.local,0
camera_1,camera,2026-03-28T13:42:18.858156,0,0,0,446,5.09,0,api.home.local,0
smart_light_1,light,2026-03-28T13:42:20.858156,0,0,0,395,8.44,0,cloud.iot.safe,0
camera_1,camera,2026-03-28T13:42:24.858156,0,0,0,413,3.06,0,telemetry.internal,0
esp32_temp_1,temperature,2026-03-28T13:42:29.858156,23.98,43.47,0,394,1.5,0,cloud.iot.safe,0
camera_1,camera,2026-03-28T13:42:30.858156,0,0,0,298,0.197,0,api.home.local,1
smart_lock_1,lock,2026-03-28T13:42:35.858156,0,0,0,325,6.92,0,telemetry.internal,0
esp32_motion_1,motion,2026-03-28T13:42:40.858156,0,0,1,194,2.94,0,api.home.local,0
smart_light_1,light,2026-03-28T13:42:45.858156,0,0,0,336,6.76,0,api.home.local,0
esp32_motion_1,motion,2026-03-28T13:42:47.858156,0,0,1,245,1.6,0,cloud.iot.safe,0
smart_light_1,light,2026-03-28T13:42:51.858156,0,0,0,394,4.71,0,api.home.local,0
esp32_temp_1,temperature,2026-03-28T13:42:56.858156,22.99,46.61,0,458,9.04,12,api.home.local,1
esp32_motion_1,motion,2026-03-28T13:43:00.858156,0,0,0,468,1.41,0,telemetry.internal,0
smart_light_1,light,2026-03-28T13:43:05.858156,0,0,0,379,8.39,0,telemetry.internal,0
smart_light_1,light,2026-03-28T13:43:09.858156,0,0,0,406,0.018,0,telemetry.internal,1
camera_1,camera,2026-03-28T13:43:13.858156,0,0,0,409,8.28,0,telemetry.internal,0
smart_light_1,light,2026-03-28T13:43:18.858156,0,0,0,264,7.6,19,cloud.iot.safe,1
smart_light_1,light,2026-03-28T13:43:22.858156,0,0,0,461,4.71,0,telemetry.internal,0
smart_lock_1,lock,2026-03-28T13:43:26.858156,0,0,0,232,8.05,0,telemetry.internal,0
camera_1,camera,2026-03-28T13:43:28.858156,0,0,0,82,1.7,0,api.home.local,0
smart_lock_1,lock,2026-03-28T13:43:32.858156,0,0,0,119,5.89,0,cloud.iot.safe,0
camera_1,camera,2026-03-28T13:43:34.858156,0,0,0,285,9.28,0,api.home.local,0
camera_1,camera,2026-03-28T13:43:38.858156,0,0,0,500,9.96,0,telemetry.internal,0
smart_light_1,light,2026-03-28T13:43:43.858156,0,0,0,449,7.82,0,telemetry.internal,0
esp32_motion_1,motion,2026-03-28T13:43:46.858156,0,0,0,298,6.73,0,cloud.iot.safe,0
esp32_motion_1,motion,2026-03-28T13:43:50.858156,0,0,1,142,6.38,0,api.home.local,0
esp32_motion_1,motion,2026-03-28T13:43:52.858156,90.36932134470403,0,0,246,5.96,0,telemetry.internal,1
esp32_motion_1,motion,2026-03-28T13:43:54.858156,0,0,1,358,7.52,0,telemetry.internal,0
esp32_temp_1,temperature,2026-03-28T13:43:55.858156,23.28,38.45,0,308,3.57,0,api.home.local,0
smart_light_1,light,2026-03-28T13:44:00.858156,0,0,0,484,9.03,0,cloud.iot.safe,0
smart_lock_1,lock,2026-03-28T13:44:03.858156,0,0,0,4329,8.78,0,unknown-remote.biz,1
esp32_temp_1,temperature,2026-03-28T13:44:06.858156,26.98,44.72,0,250,8.81,0,cloud.iot.safe,0
esp32_motion_1,motion,2026-03-28T13:44:11.858156,75.79053364446868,0,1,314,2.13,0,telemetry.internal,1
esp32_motion_1,motion,2026-03-28T13:44:15.858156,0,0,0,426,3.75,0,cloud.iot.safe,0
esp32_temp_1,temperature,2026-03-28T13:44:18.858156,21.89,38.29,0,296,7.4,0,api.home.local,0
esp32_motion_1,motion,2026-03-28T13:44:22.858156,0,0,0,180,7.73,0,cloud.iot.safe,0
esp32_temp_1,temperature,2026-03-28T13:44:24.858156,24.14,50.7,0,399,4.39,0,api.home.local,0
esp32_motion_1,motion,2026-03-28T13:44:28.858156,0,0,0,185,1.92,0,cloud.iot.safe,0
camera_1,camera,2026-03-28T13:44:33.858156,0,0,0,187,1.46,0,api.home.local,0
esp32_temp_1,temperature,2026-03-28T13:44:34.858156,27.67,39.62,0,285,9.51,0,telemetry.internal,0
esp32_temp_1,temperature,2026-03-28T13:44:38.858156,25.19,36.89,0,389,8.84,0,telemetry.internal,0
camera_1,camera,2026-03-28T13:44:41.858156,0,0,0,299,2.15,0,api.home.local,0
esp32_motion_1,motion,2026-03-28T13:44:44.858156,70.77063266005248,0,1,423,3.38,0,api.home.local,1
esp32_motion_1,motion,2026-03-28T13:44:49.858156,0,0,0,68,7.08,0,telemetry.internal,0
esp32_temp_1,temperature,2026-03-28T13:44:54.858156,26.49,41.56,0,3543,5.77,0,malicious-drop.net,1
esp32_temp_1,temperature,2026-03-28T13:44:55.858156,25.39,38.47,0,409,4.02,0,api.home.local,0
smart_light_1,light,2026-03-28T13:44:59.858156,0,0,0,405,4.57,0,telemetry.internal,0
smart_light_1,light,2026-03-28T13:45:00.858156,0,0,0,495,2.07,0,telemetry.internal,0
esp32_temp_1,temperature,2026-03-28T13:45:05.858156,20.18,31.17,0,292,1.04,0,telemetry.internal,0
camera_1,camera,2026-03-28T13:45:10.858156,0,0,0,362,7.91,0,telemetry.internal,0
esp32_temp_1,temperature,2026-03-28T13:45:15.858156,29.1,50.46,0,272,4.33,0,cloud.iot.safe,0
smart_lock_1,lock,2026-03-28T13:45:20.858156,0,0,0,340,5.85,0,telemetry.internal,0
smart_light_1,light,2026-03-28T13:45:25.858156,0,0,0,141,6.56,0,telemetry.internal,0
camera_1,camera,2026-03-28T13:45:27.858156,0,0,0,443,7.0,0,telemetry.internal,0
camera_1,camera,2026-03-28T13:45:31.858156,0,0,0,118,4.87,0,telemetry.internal,0
smart_light_1,light,2026-03-28T13:45:35.858156,0,0,0,119,9.41,0,telemetry.internal,0
smart_light_1,light,2026-03-28T13:45:40.858156,0,0,0,421,0.019,0,cloud.iot.safe,1
camera_1,camera,2026-03-28T13:45:41.858156,0,0,0,147,7.86,0,cloud.iot.safe,0
smart_lock_1,lock,2026-03-28T13:45:42.858156,0,0,0,426,4.07,0,api.home.local,0
smart_light_1,light,2026-03-28T13:45:44.858156,0,0,0,181,8.35,5,telemetry.internal,1
camera_1,camera,2026-03-28T13:45:47.858156,0,0,0,145,5.3,0,api.home.local,0
esp32_temp_1,temperature,2026-03-28T13:45:52.858156,21.42,51.51,0,393,7.21,0,telemetry.internal,0
esp32_motion_1,motion,2026-03-28T13:45:56.858156,0,0,1,469,6.26,0,api.home.local,0
camera_1,camera,2026-03-28T13:45:58.858156,0,0,0,79,7.05,0,telemetry.internal,0
smart_light_1,light,2026-03-28T13:45:59.858156,0,0,0,173,6.26,0,telemetry.internal,0
esp32_temp_1,temperature,2026-03-28T13:46:03.858156,23.58,30.99,0,120,6.88,0,cloud.iot.safe,0
esp32_motion_1,motion,2026-03-28T13:46:04.858156,0,0,1,196,7.42,0,cloud.iot.safe,0
camera_1,camera,2026-03-28T13:46:08.858156,0,0,0,297,9.54,0,telemetry.internal,0
smart_lock_1,lock,2026-03-28T13:46:11.858156,0,0,0,338,9.14,0,telemetry.internal,0
esp32_motion_1,motion,2026-03-28T13:46:14.858156,0,0,0,443,5.94,0,telemetry.internal,0
smart_light_1,light,2026-03-28T13:46:16.858156,0,0,0,253,2.67,0,cloud.iot.safe,0
smart_lock_1,lock,2026-03-28T13:46:21.858156,0,0,0,327,3.9,0,cloud.iot.safe,0
esp32_motion_1,motion,2026-03-28T13:46:22.858156,0,0,1,260,6.47,0,cloud.iot.safe,0
smart_light_1,light,2026-03-28T13:46:27.858156,0,0,0,420,1.87,0,telemetry.internal,0
esp32_motion_1,motion,2026-03-28T13:46:30.858156,0,0,0,313,8.16,0,api.home.local,0
camera_1,camera,2026-03-28T13:46:32.858156,0,0,0,401,9.21,0,cloud.iot.safe,0
esp32_motion_1,motion,2026-03-28T13:46:34.858156,0,0,1,416,5.95,0,telemetry.internal,0
camera_1,camera,2026-03-28T13:46:37.858156,0,0,0,283,9.45,0,cloud.iot.safe,0
esp32_motion_1,motion,2026-03-28T13:46:41.858156,0,0,1,374,6.21,0,cloud.iot.safe,0
smart_light_1,light,2026-03-28T13:46:44.858156,0,0,0,485,8.47,0,cloud.iot.safe,0
smart_lock_1,lock,2026-03-28T13:46:46.858156,0,0,0,125,5.16,0,telemetry.internal,0
esp32_temp_1,temperature,2026-03-28T13:46:49.858156,26.66,53.58,0,392,5.15,0,telemetry.internal,0
esp32_temp_1,temperature,2026-03-28T13:46:51.858156,28.03,50.21,0,164,2.08,0,telemetry.internal,0
smart_light_1,light,2026-03-28T13:46:55.858156,0,0,0,448,6.24,0,cloud.iot.safe,0
camera_1,camera,2026-03-28T13:46:57.858156,0,0,0,301,4.72,0,api.home.local,0
camera_1,camera,2026-03-28T13:46:59.858156,0,0,0,368,8.6,10,telemetry.internal,1
smart_lock_1,lock,2026-03-28T13:47:00.858156,0,0,0,299,3.62,12,api.home.local,1
smart_lock_1,lock,2026-03-28T13:47:01.858156,0,0,0,60,2.3,0,telemetry.internal,0
smart_light_1,light,2026-03-28T13:47:03.858156,0,0,0,73,7.87,0,cloud.iot.safe,0
esp32_motion_1,motion,2026-03-28T13:47:08.858156,0,0,0,224,8.78,0,cloud.iot.safe,0
camera_1,camera,2026-03-28T13:47:10.858156,0,0,0,424,2.59,0,telemetry.internal,0
camera_1,camera,2026-03-28T13:47:13.858156,0,0,0,447,3.51,0,telemetry.internal,0
smart_light_1,light,2026-03-28T13:47:14.858156,0,0,0,334,9.34,0,cloud.iot.safe,0
esp32_motion_1,motion,2026-03-28T13:47:15.858156,0,0,1,107,2.93,0,telemetry.internal,0
esp32_temp_1,temperature,2026-03-28T13:47:18.858156,22.61,54.27,0,475,2.48,0,telemetry.internal,0
camera_1,camera,2026-03-28T13:47:20.858156,0,0,0,469,3.98,0,telemetry.internal,0
smart_lock_1,lock,2026-03-28T13:47:22.858156,0,0,0,104,9.97,0,telemetry.internal,0
camera_1,camera,2026-03-28T13:47:26.858156,0,0,0,149,0.125,0,telemetry.internal,1
esp32_motion_1,motion,2026-03-28T13:47:27.858156,0,0,1,241,8.44,0,telemetry.internal,0
esp32_motion_1,motion,2026-03-28T13:47:32.858156,0,0,0,432,9.55,0,telemetry.internal,0
esp32_temp_1,temperature,2026-03-28T13:47:33.858156,39.71675119831673,40.65,0,123,9.7,0,api.home.local,1
camera_1,camera,2026-03-28T13:47:34.858156,0,0,0,115,2.94,0,api.home.local,0
smart_light_1,light,2026-03-28T13:47:38.858156,0,0,0,386,3.75,0,telemetry.internal,0
camera_1,camera,2026-03-28T13:47:40.858156,0,0,0,172,6.72,0,telemetry.internal,0
esp32_motion_1,motion,2026-03-28T13:47:43.858156,0,0,0,339,7.1,0,cloud.iot.safe,0
camera_1,camera,2026-03-28T13:47:47.858156,0,0,0,399,4.46,0,telemetry.internal,0
camera_1,camera,2026-03-28T13:47:49.858156,0,0,0,329,2.7,6,telemetry.internal,1
camera_1,camera,2026-03-28T13:47:54.858156,0,0,0,152,9.99,0,api.home.local,0
smart_light_1,light,2026-03-28T13:47:55.858156,0,0,0,489,4.19,0,telemetry.internal,0
esp32_temp_1,temperature,2026-03-28T13:48:00.858156,21.17,53.53,0,102,4.59,0,telemetry.internal,0
esp32_motion_1,motion,2026-03-28T13:48:03.858156,0.9359162669179426,0,1,406,1.09,0,cloud.iot.safe,1
camera_1,camera,2026-03-28T13:48:06.858156,0,0,0,347,9.62,0,telemetry.internal,0
smart_light_1,light,2026-03-28T13:48:11.858156,0,0,0,314,1.17,0,api.home.local,0
esp32_motion_1,motion,2026-03-28T13:48:12.858156,0,0,0,309,2.23,0,cloud.iot.safe,0
smart_light_1,light,2026-03-28T13:48:14.858156,0,0,0,91,2.22,0,cloud.iot.safe,0
esp32_temp_1,temperature,2026-03-28T13:48:18.858156,22.98,37.81,0,220,4.01,0,cloud.iot.safe,0
camera_1,camera,2026-03-28T13:48:22.858156,0,0,0,97,7.43,0,telemetry.internal,0
esp32_motion_1,motion,2026-03-28T13:48:24.858156,0,0,0,352,1.19,0,api.home.local,0
camera_1,camera,2026-03-28T13:48:28.858156,0,0,0,312,1.61,0,telemetry.internal,0
camera_1,camera,2026-03-28T13:48:31.858156,0,0,0,375,6.57,0,api.home.local,0
smart_lock_1,lock,2026-03-28T13:48:33.858156,0,0,0,137,4.57,0,telemetry.internal,0
camera_1,camera,2026-03-28T13:48:36.858156,0,0,0,238,9.08,0,telemetry.internal,0
smart_light_1,light,2026-03-28T13:48:41.858156,0,0,0,95,5.93,0,cloud.iot.safe,0
smart_light_1,light,2026-03-28T13:48:43.858156,0,0,0,457,4.19,0,api.home.local,0
esp32_temp_1,temperature,2026-03-28T13:48:45.858156,26.06,53.86,0,418,9.13,0,api.home.local,0
esp32_motion_1,motion,2026-03-28T13:48:48.858156,0,0,1,344,3.24,11,cloud.iot.safe,1
smart_light_1,light,2026-03-28T13:48:53.858156,0,0,0,98,9.53,0,telemetry.internal,0
camera_1,camera,2026-03-28T13:48:57.858156,0,0,0,458,8.36,0,telemetry.internal,0
esp32_temp_1,temperature,2026-03-28T13:49:02.858156,29.4,50.66,0,476,1.61,0,api.home.local,0
camera_1,camera,2026-03-28T13:49:06.858156,0,0,0,374,9.2,0,telemetry.internal,0
smart_lock_1,lock,2026-03-28T13:49:09.858156,14.749539888632484,0,0,418,6.55,0,telemetry.internal,1
esp32_motion_1,motion,2026-03-28T13:49:10.858156,0,0,0,295,6.62,0,cloud.iot.safe,0
smart_light_1,light,2026-03-28T13:49:15.858156,0,0,0,3111,8.86,0,malicious-drop.net,1
smart_light_1,light,2026-03-28T13:49:18.858156,0,0,0,142,9.21,0,telemetry.internal,0
esp32_temp_1,temperature,2026-03-28T13:49:21.858156,29.88,38.37,0,215,4.68,0,api.home.local,0
esp32_motion_1,motion,2026-03-28T13:49:22.858156,0,0,1,460,8.41,0,cloud.iot.safe,0
smart_lock_1,lock,2026-03-28T13:49:25.858156,0,0,0,101,9.51,5,api.home.local,1
smart_light_1,light,2026-03-28T13:49:28.858156,0,0,0,293,6.4,0,api.home.local,0
smart_lock_1,lock,2026-03-28T13:49:32.858156,86.17700039982637,0,0,232,8.74,0,telemetry.internal,1
esp32_motion_1,motion,2026-03-28T13:49:36.858156,0,0,1,338,6.42,0,api.home.local,0
smart_light_1,light,2026-03-28T13:49:40.858156,0,0,0,236,1.88,0,telemetry.internal,0
smart_light_1,light,2026-03-28T13:49:44.858156,0,0,0,61,5.72,0,api.home.local,0
camera_1,camera,2026-03-28T13:49:49.858156,0,0,0,88,5.63,0,telemetry.internal,0
smart_light_1,light,2026-03-28T13:49:54.858156,0,0,0,423,6.47,0,api.home.local,0
camera_1,camera,2026-03-28T13:49:55.858156,0,0,0,263,5.11,0,cloud.iot.safe,0
esp32_temp_1,temperature,2026-03-28T13:49:58.858156,-8.223869300808504,36.56,0,486,5.38,0,telemetry.internal,1
esp32_motion_1,motion,2026-03-28T13:50:00.858156,0,0,1,400,4.47,0,cloud.iot.safe,0
smart_lock_1,lock,2026-03-28T13:50:05.858156,62.464829394590595,0,0,380,7.48,0,api.home.local,1
esp32_motion_1,motion,2026-03-28T13:50:08.858156,0,0,0,157,9.07,0,api.home.local,0
camera_1,camera,2026-03-28T13:50:09.858156,0,0,0,146,2.33,0,telemetry.internal,0
camera_1,camera,2026-03-28T13:50:14.858156,0,0,0,169,9.83,0,cloud.iot.safe,0
camera_1,camera,2026-03-28T13:50:17.858156,0,0,0,242,5.77,0,api.home.local,0
smart_lock_1,lock,2026-03-28T13:50:20.858156,0,0,0,148,9.84,0,api.home.local,0
esp32_motion_1,motion,2026-03-28T13:50:25.858156,0,0,1,156,1.95,0,api.home.local,0
esp32_motion_1,motion,2026-03-28T13:50:28.858156,0,0,0,3167,7.95,0,malicious-drop.net,1
camera_1,camera,2026-03-28T13:50:32.858156,0,0,0,248,1.84,0,api.home.local,0
esp32_motion_1,motion,2026-03-28T13:50:33.858156,0,0,0,232,7.9,0,telemetry.internal,0
smart_light_1,light,2026-03-28T13:50:36.858156,0,0,0,264,4.8,8,telemetry.internal,1
smart_light_1,light,2026-03-28T13:50:39.858156,0,0,0,3268,7.47,0,malicious-drop.net,1
esp32_motion_1,motion,2026-03-28T13:50:42.858156,0,0,0,216,4.03,0,cloud.iot.safe,0
camera_1,camera,2026-03-28T13:50:44.858156,0,0,0,4585,4.18,0,unknown-remote.biz,1
esp32_temp_1,temperature,2026-03-28T13:50:47.858156,25.26,50.99,0,292,4.42,0,telemetry.internal,0
smart_lock_1,lock,2026-03-28T13:50:48.858156,0,0,0,391,1.11,0,telemetry.internal,0
camera_1,camera,2026-03-28T13:50:50.858156,0,0,0,382,6.23,0,telemetry.internal,0
esp32_motion_1,motion,2026-03-28T13:50:53.858156,0,0,0,68,8.77,0,telemetry.internal,0
esp32_temp_1,temperature,2026-03-28T13:50:55.858156,29.41,30.15,0,451,9.87,0,telemetry.internal,0
esp32_temp_1,temperature,2026-03-28T13:50:56.858156,30.0,50.98,0,257,8.43,0,telemetry.internal,0
esp32_motion_1,motion,2026-03-28T13:51:00.858156,0,0,0,188,9.36,0,cloud.iot.safe,0
esp32_temp_1,temperature,2026-03-28T13:51:01.858156,25.0,35.89,0,120,4.34,0,api.home.local,0
smart_light_1,light,2026-03-28T13:51:02.858156,0,0,0,3163,9.08,0,malicious-drop.net,1
esp32_motion_1,motion,2026-03-28T13:51:07.858156,0,0,0,265,0.041,0,cloud.iot.safe,1
smart_light_1,light,2026-03-28T13:51:12.858156,0,0,0,481,2.71,0,cloud.iot.safe,0
esp32_motion_1,motion,2026-03-28T13:51:14.858156,0,0,1,476,9.74,0,telemetry.internal,0
smart_lock_1,lock,2026-03-28T13:51:16.858156,0,0,0,391,7.54,0,telemetry.internal,0
smart_light_1,light,2026-03-28T13:51:18.858156,0,0,0,244,6.55,0,api.home.local,0
smart_lock_1,lock,2026-03-28T13:51:21.858156,0,0,0,372,7.3,0,cloud.iot.safe,0
esp32_temp_1,temperature,2026-03-28T13:51:23.858156,29.45,52.47,0,241,7.72,0,cloud.iot.safe,0
smart_lock_1,lock,2026-03-28T13:51:26.858156,0,0,0,485,1.08,0,telemetry.internal,0
smart_light_1,light,2026-03-28T13:51:30.858156,0,0,0,348,1.04,0,telemetry.internal,0
smart_lock_1,lock,2026-03-28T13:51:31.858156,0,0,0,82,6.38,0,api.home.local,0
esp32_temp_1,temperature,2026-03-28T13:51:35.858156,23.65,45.95,0,213,2.15,0,telemetry.internal,0
smart_light_1,light,2026-03-28T13:51:36.858156,0,0,0,454,7.21,0,cloud.iot.safe,0
camera_1,camera,2026-03-28T13:51:37.858156,0,0,0,298,5.61,0,cloud.iot.safe,0
smart_light_1,light,2026-03-28T13:51:42.858156,0,0,0,139,1.44,0,telemetry.internal,0
smart_lock_1,lock,2026-03-28T13:51:47.858156,0,0,0,287,2.27,0,api.home.local,0
esp32_motion_1,motion,2026-03-28T13:51:49.858156,0,0,1,303,6.66,0,telemetry.internal,0
esp32_motion_1,motion,2026-03-28T13:51:52.858156,0,0,0,428,8.31,0,telemetry.internal,0
smart_light_1,light,2026-03-28T13:51:54.858156,0,0,0,378,6.8,0,cloud.iot.safe,0
smart_light_1,light,2026-03-28T13:51:59.858156,0,0,0,364,2.89,0,telemetry.internal,0
smart_light_1,light,2026-03-28T13:52:03.858156,0,0,0,452,9.06,0,api.home.local,0
esp32_motion_1,motion,2026-03-28T13:52:05.858156,0,0,1,2443,4.24,0,malicious-drop.net,1
esp32_temp_1,temperature,2026-03-28T13:52:07.858156,25.14,33.75,0,438,6.65,0,telemetry.internal,0
esp32_motion_1,motion,2026-03-28T13:52:10.858156,0,0,1,62,7.7,0,api.home.local,0
esp32_temp_1,temperature,2026-03-28T13:52:11.858156,28.37,46.6,0,256,7.34,0,api.home.local,0
esp32_motion_1,motion,2026-03-28T13:52:16.858156,115.00324917968635,0,1,325,4.87,0,telemetry.internal,1
smart_light_1,light,2026-03-28T13:52:21.858156,0,0,0,487,6.05,0,cloud.iot.safe,0
camera_1,camera,2026-03-28T13:52:25.858156,0,0,0,146,4.93,0,api.home.local,0
esp32_temp_1,temperature,2026-03-28T13:52:28.858156,21.33,53.41,0,120,6.49,0,telemetry.internal,0
esp32_temp_1,temperature,2026-03-28T13:52:30.858156,23.68,50.17,0,276,1.3,0,cloud.iot.safe,0
smart_light_1,light,2026-03-28T13:52:34.858156,0,0,0,400,7.88,0,telemetry.internal,0
esp32_motion_1,motion,2026-03-28T13:52:37.858156,0,0,0,108,6.31,0,api.home.local,0
smart_light_1,light,2026-03-28T13:52:39.858156,0,0,0,117,7.51,0,cloud.iot.safe,0
smart_light_1,light,2026-03-28T13:52:44.858156,0,0,0,147,6.66,0,cloud.iot.safe,0
esp32_temp_1,temperature,2026-03-28T13:52:45.858156,25.16,41.85,0,341,0.126,0,cloud.iot.safe,1
smart_light_1,light,2026-03-28T13:52:46.858156,0,0,0,126,4.64,0,telemetry.internal,0
smart_light_1,light,2026-03-28T13:52:47.858156,0,0,0,4144,7.34,0,unknown-remote.biz,1
smart_light_1,light,2026-03-28T13:52:48.858156,0,0,0,434,0.174,0,cloud.iot.safe,1
esp32_temp_1,temperature,2026-03-28T13:52:52.858156,22.72,47.39,0,474,1.01,0,telemetry.internal,0
camera_1,camera,2026-03-28T13:52:53.858156,0,0,0,227,9.9,0,api.home.local,0
smart_light_1,light,2026-03-28T13:52:58.858156,0,0,0,138,4.51,0,telemetry.internal,0
esp32_temp_1,temperature,2026-03-28T13:52:59.858156,22.72,49.56,0,463,1.43,0,api.home.local,0
smart_lock_1,lock,2026-03-28T13:53:00.858156,0,0,0,266,1.34,0,cloud.iot.safe,0
esp32_motion_1,motion,2026-03-28T13:53:02.858156,0,0,1,318,8.86,0,cloud.iot.safe,0
camera_1,camera,2026-03-28T13:53:07.858156,0,0,0,351,2.2,0,telemetry.internal,0
camera_1,camera,2026-03-28T13:53:11.858156,0,0,0,265,6.54,0,telemetry.internal,0
esp32_motion_1,motion,2026-03-28T13:53:13.858156,0,0,1,398,1.64,0,telemetry.internal,0
smart_lock_1,lock,2026-03-28T13:53:16.858156,0,0,0,423,8.26,0,telemetry.internal,0
esp32_temp_1,temperature,2026-03-28T13:53:20.858156,50.58527906585006,41.6,0,90,6.09,0,telemetry.internal,1
esp32_temp_1,temperature,2026-03-28T13:53:21.858156,26.53,32.54,0,292,7.85,0,cloud.iot.safe,0
smart_light_1,light,2026-03-28T13:53:25.858156,0,0,0,294,4.48,0,api.home.local,0
smart_lock_1,lock,2026-03-28T13:53:30.858156,0,0,0,374,2.15,0,cloud.iot.safe,0
camera_1,camera,2026-03-28T13:53:34.858156,0,0,0,462,6.37,0,telemetry.internal,0
smart_lock_1,lock,2026-03-28T13:53:36.858156,0,0,0,76,1.08,0,api.home.local,0
smart_lock_1,lock,2026-03-28T13:53:37.858156,0,0,0,123,5.18,0,cloud.iot.safe,0
esp32_motion_1,motion,2026-03-28T13:53:39.858156,0,0,0,117,6.87,0,cloud.iot.safe,0
smart_lock_1,lock,2026-03-28T13:53:41.858156,0,0,0,477,3.57,0,api.home.local,0
camera_1,camera,2026-03-28T13:53:44.858156,0,0,0,87,4.44,0,api.home.local,0
smart_light_1,light,2026-03-28T13:53:48.858156,0,0,0,228,6.4,0,telemetry.internal,0
esp32_temp_1,temperature,2026-03-28T13:53:52.858156,24.23,41.41,0,288,8.62,0,api.home.local,0
camera_1,camera,2026-03-28T13:53:54.858156,0,0,0,179,1.48,0,api.home.local,0
camera_1,camera,2026-03-28T13:53:59.858156,0,0,0,348,1.09,0,api.home.local,0
camera_1,camera,2026-03-28T13:54:02.858156,65.08808524424448,0,0,246,9.45,0,cloud.iot.safe,1
camera_1,camera,2026-03-28T13:54:04.858156,0,0,0,143,8.45,0,telemetry.internal,0
esp32_motion_1,motion,2026-03-28T13:54:07.858156,0,0,1,82,6.42,0,telemetry.internal,0
esp32_temp_1,temperature,2026-03-28T13:54:08.858156,24.92,54.33,0,338,7.62,0,telemetry.internal,0
smart_lock_1,lock,2026-03-28T13:54:10.858156,0,0,0,142,6.96,0,cloud.iot.safe,0
smart_light_1,light,2026-03-28T13:54:13.858156,0,0,0,182,9.23,0,cloud.iot.safe,0
smart_light_1,light,2026-03-28T13:54:17.858156,17.375619437487195,0,0,153,4.25,0,api.home.local,1
smart_lock_1,lock,2026-03-28T13:54:19.858156,0,0,0,230,4.77,0,cloud.iot.safe,0
smart_lock_1,lock,2026-03-28T13:54:21.858156,73.39452711073712,0,0,224,8.68,0,telemetry.internal,1
smart_light_1,light,2026-03-28T13:54:25.858156,0,0,0,470,4.9,0,api.home.local,0
camera_1,camera,2026-03-28T13:54:26.858156,0,0,0,106,7.41,0,cloud.iot.safe,0
camera_1,camera,2026-03-28T13:54:28.858156,0,0,0,359,8.58,0,api.home.local,0
esp32_motion_1,motion,2026-03-28T13:54:30.858156,0,0,0,371,4.21,0,api.home.local,0
smart_light_1,light,2026-03-28T13:54:33.858156,0,0,0,376,2.33,0,api.home.local,0
camera_1,camera,2026-03-28T13:54:37.858156,0,0,0,238,9.09,0,cloud.iot.safe,0
esp32_motion_1,motion,2026-03-28T13:54:40.858156,0,0,1,145,6.45,0,cloud.iot.safe,0
camera_1,camera,2026-03-28T13:54:41.858156,0,0,0,318,8.18,0,cloud.iot.safe,0
esp32_motion_1,motion,2026-03-28T13:54:44.858156,0,0,1,239,2.51,0,cloud.iot.safe,0
esp32_temp_1,temperature,2026-03-28T13:54:47.858156,28.95,47.59,0,316,1.12,0,cloud.iot.safe,0
esp32_motion_1,motion,2026-03-28T13:54:49.858156,0,0,1,290,4.4,0,api.home.local,0
smart_light_1,light,2026-03-28T13:54:54.858156,0,0,0,297,5.51,0,api.home.local,0
smart_light_1,light,2026-03-28T13:54:59.858156,0,0,0,203,5.0,0,cloud.iot.safe,0
smart_lock_1,lock,2026-03-28T13:55:02.858156,0,0,0,200,5.1,0,api.home.local,0
smart_light_1,light,2026-03-28T13:55:03.858156,0,0,0,461,2.75,0,telemetry.internal,0
smart_lock_1,lock,2026-03-28T13:55:07.858156,0,0,0,1637,6.95,0,unknown-remote.biz,1
smart_light_1,light,2026-03-28T13:55:09.858156,0,0,0,343,3.63,0,cloud.iot.safe,0
esp32_motion_1,motion,2026-03-28T13:55:10.858156,0,0,0,246,9.0,0,telemetry.internal,0
esp32_motion_1,motion,2026-03-28T13:55:14.858156,0,0,1,63,7.91,0,cloud.iot.safe,0
camera_1,camera,2026-03-28T13:55:18.858156,0,0,0,373,7.52,0,api.home.local,0
smart_light_1,light,2026-03-28T13:55:19.858156,0,0,0,310,4.18,0,cloud.iot.safe,0
smart_lock_1,lock,2026-03-28T13:55:22.858156,0,0,0,371,5.75,0,cloud.iot.safe,0
smart_light_1,light,2026-03-28T13:55:24.858156,0,0,0,118,6.98,0,telemetry.internal,0
esp32_temp_1,temperature,2026-03-28T13:55:27.858156,24.04,47.65,0,442,6.5,0,telemetry.internal,0
smart_lock_1,lock,2026-03-28T13:55:30.858156,0,0,0,4705,7.22,0,malicious-drop.net,1
esp32_motion_1,motion,2026-03-28T13:55:32.858156,0,0,0,216,3.51,0,telemetry.internal,0
smart_lock_1,lock,2026-03-28T13:55:35.858156,0,0,0,394,7.84,0,cloud.iot.safe,0
esp32_temp_1,temperature,2026-03-28T13:55:36.858156,29.73,59.33,0,2858,2.71,0,unknown-remote.biz,1
esp32_temp_1,temperature,2026-03-28T13:55:38.858156,24.06,57.24,0,433,1.25,0,cloud.iot.safe,0
smart_light_1,light,2026-03-28T13:55:42.858156,0,0,0,443,1.16,0,api.home.local,0
esp32_motion_1,motion,2026-03-28T13:55:44.858156,0,0,0,401,2.23,0,api.home.local,0
esp32_motion_1,motion,2026-03-28T13:55:45.858156,0,0,1,369,0.076,0,api.home.local,1
smart_lock_1,lock,2026-03-28T13:55:49.858156,0,0,0,244,6.75,0,telemetry.internal,0
camera_1,camera,2026-03-28T13:55:51.858156,0,0,0,132,7.53,0,telemetry.internal,0
camera_1,camera,2026-03-28T13:55:55.858156,0,0,0,113,4.72,0,telemetry.internal,0
smart_lock_1,lock,2026-03-28T13:55:59.858156,0,0,0,432,5.83,0,telemetry.internal,0
esp32_temp_1,temperature,2026-03-28T13:56:00.858156,29.53,33.38,0,185,1.58,0,cloud.iot.safe,0
smart_light_1,light,2026-03-28T13:56:02.858156,0,0,0,87,8.66,11,cloud.iot.safe,1
esp32_temp_1,temperature,2026-03-28T13:56:03.858156,27.25,52.39,0,117,9.48,0,api.home.local,0
esp32_motion_1,motion,2026-03-28T13:56:07.858156,0,0,1,213,7.38,0,telemetry.internal,0
camera_1,camera,2026-03-28T13:56:12.858156,0,0,0,102,1.17,0,api.home.local,0
esp32_temp_1,temperature,2026-03-28T13:56:13.858156,26.54,41.22,0,87,2.82,0,api.home.local,0
smart_lock_1,lock,2026-03-28T13:56:16.858156,0,0,0,301,7.63,0,cloud.iot.safe,0
esp32_temp_1,temperature,2026-03-28T13:56:21.858156,23.97,49.92,0,211,2.15,0,cloud.iot.safe,0
camera_1,camera,2026-03-28T13:56:26.858156,0,0,0,107,5.48,0,cloud.iot.safe,0
smart_light_1,light,2026-03-28T13:56:30.858156,0,0,0,83,9.18,0,api.home.local,0
esp32_motion_1,motion,2026-03-28T13:56:31.858156,0,0,1,118,1.78,0,telemetry.internal,0
camera_1,camera,2026-03-28T13:56:36.858156,0,0,0,223,8.67,0,cloud.iot.safe,0
smart_light_1,light,2026-03-28T13:56:38.858156,0,0,0,172,0.064,0,telemetry.internal,1
smart_lock_1,lock,2026-03-28T13:56:41.858156,0,0,0,473,4.94,0,cloud.iot.safe,0
camera_1,camera,2026-03-28T13:56:42.858156,0,0,0,424,9.43,0,api.home.local,0
camera_1,camera,2026-03-28T13:56:47.858156,0,0,0,475,1.51,0,api.home.local,0
esp32_motion_1,motion,2026-03-28T13:56:51.858156,0,0,1,410,3.33,0,api.home.local,0
camera_1,camera,2026-03-28T13:56:53.858156,0,0,0,368,3.14,0,telemetry.internal,0
smart_light_1,light,2026-03-28T13:56:55.858156,0,0,0,445,3.89,0,telemetry.internal,0
smart_lock_1,lock,2026-03-28T13:56:56.858156,0,0,0,94,8.48,0,cloud.iot.safe,0
smart_lock_1,lock,2026-03-28T13:56:59.858156,0,0,0,314,3.74,0,telemetry.internal,0
smart_light_1,light,2026-03-28T13:57:04.858156,0,0,0,215,4.25,0,telemetry.internal,0
camera_1,camera,2026-03-28T13:57:07.858156,0,0,0,136,9.47,0,api.home.local,0
smart_lock_1,lock,2026-03-28T13:57:12.858156,0,0,0,286,9.86,0,telemetry.internal,0
camera_1,camera,2026-03-28T13:57:16.858156,0,0,0,295,9.86,0,api.home.local,0
esp32_motion_1,motion,2026-03-28T13:57:20.858156,0,0,0,399,2.43,0,api.home.local,0
esp32_temp_1,temperature,2026-03-28T13:57:21.858156,22.86,47.63,0,229,9.21,0,api.home.local,0
smart_light_1,light,2026-03-28T13:57:24.858156,0,0,0,187,3.64,0,api.home.local,0
smart_lock_1,lock,2026-03-28T13:57:28.858156,0,0,0,271,0.123,0,cloud.iot.safe,1
camera_1,camera,2026-03-28T13:57:31.858156,0,0,0,158,4.67,0,cloud.iot.safe,0
smart_lock_1,lock,2026-03-28T13:57:32.858156,24.143912924162834,0,0,378,9.9,0,api.home.local,1
smart_lock_1,lock,2026-03-28T13:57:34.858156,0,0,0,123,1.0,15,telemetry.internal,1
smart_lock_1,lock,2026-03-28T13:57:35.858156,0,0,0,289,6.9,0,api.home.local,0
camera_1,camera,2026-03-28T13:57:37.858156,0,0,0,98,1.23,0,api.home.local,0
esp32_temp_1,temperature,2026-03-28T13:57:39.858156,26.81,50.38,0,91,1.17,0,api.home.local,0
esp32_temp_1,temperature,2026-03-28T13:57:44.858156,21.58,43.04,0,435,1.66,0,cloud.iot.safe,0
esp32_motion_1,motion,2026-03-28T13:57:49.858156,0,0,1,346,6.59,17,api.home.local,1
esp32_temp_1,temperature,2026-03-28T13:57:51.858156,22.67,36.07,0,74,8.63,0,cloud.iot.safe,0
camera_1,camera,2026-03-28T13:57:56.858156,0,0,0,4417,5.93,0,malicious-drop.net,1
esp32_motion_1,motion,2026-03-28T13:57:57.858156,0,0,0,277,5.49,0,telemetry.internal,0
smart_lock_1,lock,2026-03-28T13:57:59.858156,0,0,0,329,4.83,0,api.home.local,0
smart_lock_1,lock,2026-03-28T13:58:01.858156,0,0,0,266,5.1,0,telemetry.internal,0
camera_1,camera,2026-03-28T13:58:03.858156,0,0,0,150,7.7,0,api.home.local,0
esp32_temp_1,temperature,2026-03-28T13:58:08.858156,21.07,53.66,0,282,0.031,0,telemetry.internal,1
smart_lock_1,lock,2026-03-28T13:58:11.858156,0,0,0,233,3.28,0,api.home.local,0
smart_lock_1,lock,2026-03-28T13:58:13.858156,0,0,0,390,2.39,0,api.home.local,0
camera_1,camera,2026-03-28T13:58:14.858156,0,0,0,138,9.98,0,telemetry.internal,0
esp32_motion_1,motion,2026-03-28T13:58:19.858156,0,0,1,331,4.27,0,telemetry.internal,0
esp32_motion_1,motion,2026-03-28T13:58:21.858156,0,0,1,4741,9.18,0,evil-server.xyz,1
smart_light_1,light,2026-03-28T13:58:26.858156,0,0,0,108,1.6,0,cloud.iot.safe,0
smart_lock_1,lock,2026-03-28T13:58:27.858156,0,0,0,452,8.13,0,api.home.local,0
smart_lock_1,lock,2026-03-28T13:58:31.858156,0,0,0,310,6.51,14,cloud.iot.safe,1
smart_lock_1,lock,2026-03-28T13:58:34.858156,0,0,0,3487,9.12,0,evil-server.xyz,1
esp32_motion_1,motion,2026-03-28T13:58:37.858156,0,0,0,350,1.14,0,api.home.local,0
smart_lock_1,lock,2026-03-28T13:58:40.858156,0,0,0,125,3.68,0,api.home.local,0
esp32_motion_1,motion,2026-03-28T13:58:43.858156,0,0,1,229,0.103,0,telemetry.internal,1
esp32_motion_1,motion,2026-03-28T13:58:46.858156,0,0,1,423,5.18,0,telemetry.internal,0
smart_lock_1,lock,2026-03-28T13:58:47.858156,0,0,0,165,2.76,0,cloud.iot.safe,0
esp32_temp_1,temperature,2026-03-28T13:58:50.858156,25.98,43.11,0,152,5.38,18,api.home.local,1
camera_1,camera,2026-03-28T13:58:55.858156,0,0,0,120,1.88,0,cloud.iot.safe,0
esp32_motion_1,motion,2026-03-28T13:58:57.858156,0,0,1,101,1.82,0,cloud.iot.safe,0
smart_lock_1,lock,2026-03-28T13:58:59.858156,0,0,0,3855,8.21,0,evil-server.xyz,1
esp32_motion_1,motion,2026-03-28T13:59:03.858156,0,0,0,333,3.83,0,telemetry.internal,0
camera_1,camera,2026-03-28T13:59:06.858156,0,0,0,341,6.35,0,cloud.iot.safe,0
camera_1,camera,2026-03-28T13:59:07.858156,-15.877070691373824,0,0,211,9.48,0,cloud.iot.safe,1
smart_lock_1,lock,2026-03-28T13:59:08.858156,0,0,0,77,9.74,0,api.home.local,0
smart_light_1,light,2026-03-28T13:59:09.858156,0,0,0,438,2.11,0,telemetry.internal,0
camera_1,camera,2026-03-28T13:59:14.858156,15.690948326752377,0,0,243,5.71,0,api.home.local,1
smart_lock_1,lock,2026-03-28T13:59:19.858156,0,0,0,118,1.5,0,api.home.local,0
smart_lock_1,lock,2026-03-28T13:59:22.858156,0,0,0,154,7.47,0,telemetry.internal,0
smart_light_1,light,2026-03-28T13:59:23.858156,0,0,0,270,2.72,0,telemetry.internal,0
esp32_motion_1,motion,2026-03-28T13:59:25.858156,0,0,1,372,6.62,0,api.home.local,0
smart_lock_1,lock,2026-03-28T13:59:26.858156,44.21631235106764,0,0,186,4.96,0,telemetry.internal,1
esp32_temp_1,temperature,2026-03-28T13:59:31.858156,22.4,53.37,0,333,2.85,0,telemetry.internal,0
camera_1,camera,2026-03-28T13:59:32.858156,0,0,0,434,9.65,0,cloud.iot.safe,0
smart_lock_1,lock,2026-03-28T13:59:37.858156,0,0,0,425,7.81,0,api.home.local,0
smart_light_1,light,2026-03-28T13:59:39.858156,0,0,0,213,8.09,0,telemetry.internal,0
smart_light_1,light,2026-03-28T13:59:44.858156,0,0,0,206,9.39,0,telemetry.internal,0
esp32_temp_1,temperature,2026-03-28T13:59:45.858156,20.45,47.66,0,385,7.76,0,telemetry.internal,0
esp32_motion_1,motion,2026-03-28T13:59:48.858156,0,0,1,429,5.11,0,cloud.iot.safe,0
esp32_temp_1,temperature,2026-03-28T13:59:49.858156,22.36,57.73,0,119,8.76,0,cloud.iot.safe,0
camera_1,camera,2026-03-28T13:59:54.858156,1.9417845493280836,0,0,445,1.71,0,telemetry.internal,1
smart_light_1,light,2026-03-28T13:59:59.858156,0,0,0,192,7.83,0,telemetry.internal,0
smart_lock_1,lock,2026-03-28T14:00:03.858156,0,0,0,122,2.19,0,cloud.iot.safe,0
esp32_motion_1,motion,2026-03-28T14:00:05.858156,0,0,0,488,8.58,0,cloud.iot.safe,0
camera_1,camera,2026-03-28T14:00:09.858156,0,0,0,230,2.29,0,api.home.local,0
smart_lock_1,lock,2026-03-28T14:00:11.858156,0,0,0,440,1.51,0,cloud.iot.safe,0
smart_lock_1,lock,2026-03-28T14:00:16.858156,37.09406357273625,0,0,221,3.17,0,cloud.iot.safe,1
smart_light_1,light,2026-03-28T14:00:17.858156,0,0,0,197,5.19,0,telemetry.internal,0
esp32_temp_1,temperature,2026-03-28T14:00:18.858156,24.3,33.84,0,230,6.77,0,cloud.iot.safe,0
camera_1,camera,2026-03-28T14:00:20.858156,0,0,0,61,4.24,0,api.home.local,0
smart_lock_1,lock,2026-03-28T14:00:22.858156,0,0,0,174,5.57,0,telemetry.internal,0
smart_light_1,light,2026-03-28T14:00:25.858156,0,0,0,347,6.73,0,cloud.iot.safe,0
camera_1,camera,2026-03-28T14:00:30.858156,0,0,0,130,9.37,0,cloud.iot.safe,0
esp32_motion_1,motion,2026-03-28T14:00:32.858156,0,0,0,427,8.09,0,telemetry.internal,0
smart_light_1,light,2026-03-28T14:00:33.858156,0,0,0,200,5.73,0,telemetry.internal,0
esp32_temp_1,temperature,2026-03-28T14:00:35.858156,26.62,43.36,0,357,7.72,0,api.home.local,0
esp32_temp_1,temperature,2026-03-28T14:00:37.858156,29.34,42.9,0,496,3.81,0,cloud.iot.safe,0
esp32_motion_1,motion,2026-03-28T14:00:41.858156,0,0,1,114,0.014,0,telemetry.internal,1
esp32_temp_1,temperature,2026-03-28T14:00:44.858156,25.0,41.32,0,1521,4.41,0,malicious-drop.net,1
smart_light_1,light,2026-03-28T14:00:49.858156,0,0,0,417,3.79,0,cloud.iot.safe,0
smart_light_1,light,2026-03-28T14:00:51.858156,0,0,0,117,6.08,0,cloud.iot.safe,0
smart_lock_1,lock,2026-03-28T14:00:54.858156,82.7241039046714,0,0,452,3.62,0,cloud.iot.safe,1
smart_lock_1,lock,2026-03-28T14:00:55.858156,0,0,0,287,9.42,0,telemetry.internal,0
smart_lock_1,lock,2026-03-28T14:00:58.858156,0,0,0,489,9.51,0,telemetry.internal,0
esp32_motion_1,motion,2026-03-28T14:01:00.858156,0,0,1,409,8.39,0,api.home.local,0
smart_light_1,light,2026-03-28T14:01:05.858156,0,0,0,71,5.12,0,cloud.iot.safe,0
esp32_temp_1,temperature,2026-03-28T14:01:06.858156,21.49,34.22,0,88,2.26,0,telemetry.internal,0
esp32_temp_1,temperature,2026-03-28T14:01:08.858156,64.19431087599402,35.61,0,118,7.15,0,api.home.local,1
esp32_temp_1,temperature,2026-03-28T14:01:10.858156,29.09,47.26,0,318,2.75,0,api.home.local,0
esp32_temp_1,temperature,2026-03-28T14:01:14.858156,27.94,54.54,0,171,8.25,0,telemetry.internal,0
smart_light_1,light,2026-03-28T14:01:19.858156,0,0,0,425,2.19,0,telemetry.internal,0
esp32_motion_1,motion,2026-03-28T14:01:24.858156,0,0,1,290,0.065,0,telemetry.internal,1
camera_1,camera,2026-03-28T14:01:29.858156,0,0,0,330,8.12,0,telemetry.internal,0
esp32_temp_1,temperature,2026-03-28T14:01:34.858156,27.35,39.62,0,336,8.34,0,telemetry.internal,0
esp32_temp_1,temperature,2026-03-28T14:01:36.858156,22.27,39.33,0,468,1.46,0,telemetry.internal,0
camera_1,camera,2026-03-28T14:01:37.858156,0,0,0,240,5.6,0,api.home.local,0
smart_light_1,light,2026-03-28T14:01:42.858156,0,0,0,102,7.72,0,cloud.iot.safe,0
camera_1,camera,2026-03-28T14:01:44.858156,48.80008917745502,0,0,260,9.1,0,telemetry.internal,1
camera_1,camera,2026-03-28T14:01:45.858156,0,0,0,205,5.4,0,cloud.iot.safe,0
camera_1,camera,2026-03-28T14:01:49.858156,0,0,0,99,1.36,0,cloud.iot.safe,0
esp32_motion_1,motion,2026-03-28T14:01:54.858156,0,0,1,323,4.74,0,cloud.iot.safe,0
esp32_motion_1,motion,2026-03-28T14:01:59.858156,0,0,1,325,3.74,0,telemetry.internal,0
esp32_temp_1,temperature,2026-03-28T14:02:04.858156,21.33,51.12,0,186,3.58,0,telemetry.internal,0
smart_light_1,light,2026-03-28T14:02:07.858156,0,0,0,295,7.66,0,cloud.iot.safe,0
smart_light_1,light,2026-03-28T14:02:12.858156,0,0,0,104,4.02,0,telemetry.internal,0
camera_1,camera,2026-03-28T14:02:14.858156,0,0,0,95,0.044,0,cloud.iot.safe,1
smart_light_1,light,2026-03-28T14:02:16.858156,0,0,0,358,2.01,0,cloud.iot.safe,0
smart_light_1,light,2026-03-28T14:02:17.858156,0,0,0,383,6.16,0,telemetry.internal,0
camera_1,camera,2026-03-28T14:02:20.858156,0,0,0,316,6.11,0,telemetry.internal,0
smart_lock_1,lock,2026-03-28T14:02:24.858156,0,0,0,177,7.3,0,api.home.local,0
esp32_temp_1,temperature,2026-03-28T14:02:27.858156,21.61,52.05,0,316,3.97,0,telemetry.internal,0
camera_1,camera,2026-03-28T14:02:31.858156,50.413896098872186,0,0,482,1.49,0,api.home.local,1
camera_1,camera,2026-03-28T14:02:33.858156,0,0,0,60,2.26,0,telemetry.internal,0
esp32_temp_1,temperature,2026-03-28T14:02:37.858156,25.86,45.06,0,172,6.95,0,cloud.iot.safe,0
camera_1,camera,2026-03-28T14:02:38.858156,0,0,0,426,7.27,0,telemetry.internal,0
smart_light_1,light,2026-03-28T14:02:40.858156,0,0,0,363,0.134,0,cloud.iot.safe,1
camera_1,camera,2026-03-28T14:02:45.858156,0,0,0,276,7.93,0,api.home.local,0
esp32_temp_1,temperature,2026-03-28T14:02:50.858156,28.26,52.24,0,298,1.19,0,api.home.local,0
camera_1,camera,2026-03-28T14:02:51.858156,0,0,0,135,4.77,0,api.home.local,0
esp32_motion_1,motion,2026-03-28T14:02:56.858156,0,0,1,125,2.56,7,cloud.iot.safe,1
esp32_temp_1,temperature,2026-03-28T14:02:57.858156,20.84,46.59,0,125,9.51,0,telemetry.internal,0
smart_lock_1,lock,2026-03-28T14:02:59.858156,0,0,0,415,9.79,0,cloud.iot.safe,0
smart_light_1,light,2026-03-28T14:03:01.858156,87.97175490157444,0,0,128,2.16,0,telemetry.internal,1
esp32_motion_1,motion,2026-03-28T14:03:03.858156,0,0,0,193,9.3,0,cloud.iot.safe,0
smart_light_1,light,2026-03-28T14:03:04.858156,0,0,0,458,6.57,0,telemetry.internal,0
smart_lock_1,lock,2026-03-28T14:03:07.858156,0,0,0,419,7.87,0,telemetry.internal,0
esp32_temp_1,temperature,2026-03-28T14:03:08.858156,24.64,35.43,0,223,2.99,0,telemetry.internal,0
camera_1,camera,2026-03-28T14:03:09.858156,0,0,0,437,1.24,0,api.home.local,0
esp32_motion_1,motion,2026-03-28T14:03:12.858156,0,0,1,126,1.14,0,cloud.iot.safe,0
esp32_motion_1,motion,2026-03-28T14:03:14.858156,0,0,1,236,1.55,0,telemetry.internal,0
smart_lock_1,lock,2026-03-28T14:03:19.858156,0,0,0,490,7.47,0,cloud.iot.safe,0
esp32_motion_1,motion,2026-03-28T14:03:22.858156,0,0,1,463,1.39,0,cloud.iot.safe,0
smart_lock_1,lock,2026-03-28T14:03:24.858156,0,0,0,285,4.41,0,telemetry.internal,0
esp32_temp_1,temperature,2026-03-28T14:03:28.858156,23.24,54.7,0,120,8.43,0,api.home.local,0
esp32_temp_1,temperature,2026-03-28T14:03:31.858156,26.42,50.24,0,231,2.2,0,cloud.iot.safe,0
smart_lock_1,lock,2026-03-28T14:03:34.858156,0,0,0,188,9.06,0,telemetry.internal,0
smart_lock_1,lock,2026-03-28T14:03:37.858156,0,0,0,295,7.71,0,telemetry.internal,0
smart_lock_1,lock,2026-03-28T14:03:40.858156,0,0,0,168,9.02,0,cloud.iot.safe,0
smart_lock_1,lock,2026-03-28T14:03:44.858156,0,0,0,306,0.103,0,cloud.iot.safe,1
smart_lock_1,lock,2026-03-28T14:03:49.858156,0,0,0,3573,9.7,0,unknown-remote.biz,1
camera_1,camera,2026-03-28T14:03:52.858156,0,0,0,495,5.21,0,cloud.iot.safe,0
camera_1,camera,2026-03-28T14:03:54.858156,0,0,0,450,1.82,0,cloud.iot.safe,0
smart_lock_1,lock,2026-03-28T14:03:59.858156,0,0,0,195,1.73,0,telemetry.internal,0
esp32_temp_1,temperature,2026-03-28T14:04:04.858156,28.36,36.49,0,104,5.04,0,api.home.local,0
esp32_motion_1,motion,2026-03-28T14:04:09.858156,0,0,0,469,4.51,0,cloud.iot.safe,0
camera_1,camera,2026-03-28T14:04:13.858156,0,0,0,244,7.05,0,cloud.iot.safe,0
smart_light_1,light,2026-03-28T14:04:15.858156,0,0,0,94,8.83,0,cloud.iot.safe,0
esp32_temp_1,temperature,2026-03-28T14:04:16.858156,29.89,48.93,0,184,1.36,0,telemetry.internal,0
esp32_motion_1,motion,2026-03-28T14:04:18.858156,0,0,0,203,8.32,0,telemetry.internal,0
camera_1,camera,2026-03-28T14:04:23.858156,0,0,0,268,4.63,0,cloud.iot.safe,0
esp32_temp_1,temperature,2026-03-28T14:04:27.858156,21.39,31.57,0,436,5.94,0,api.home.local,0
smart_light_1,light,2026-03-28T14:04:30.858156,0,0,0,69,6.45,0,api.home.local,0
camera_1,camera,2026-03-28T14:04:35.858156,0,0,0,376,2.03,0,telemetry.internal,0
camera_1,camera,2026-03-28T14:04:40.858156,0,0,0,103,4.91,0,cloud.iot.safe,0
esp32_motion_1,motion,2026-03-28T14:04:41.858156,0,0,0,490,1.88,0,cloud.iot.safe,0
esp32_temp_1,temperature,2026-03-28T14:04:46.858156,25.48,34.78,0,386,8.3,0,telemetry.internal,0
smart_lock_1,lock,2026-03-28T14:04:49.858156,0,0,0,368,4.04,0,api.home.local,0
esp32_temp_1,temperature,2026-03-28T14:04:53.858156,20.26,57.85,0,477,4.28,0,cloud.iot.safe,0
esp32_motion_1,motion,2026-03-28T14:04:57.858156,0,0,0,454,3.03,0,telemetry.internal,0
smart_lock_1,lock,2026-03-28T14:04:58.858156,0,0,0,322,7.59,0,api.home.local,0
smart_light_1,light,2026-03-28T14:05:01.858156,0,0,0,478,7.37,0,cloud.iot.safe,0
smart_light_1,light,2026-03-28T14:05:05.858156,0,0,0,269,9.26,0,telemetry.internal,0
camera_1,camera,2026-03-28T14:05:07.858156,0,0,0,89,8.93,0,telemetry.internal,0
smart_lock_1,lock,2026-03-28T14:05:11.858156,0,0,0,399,9.91,0,cloud.iot.safe,0
esp32_temp_1,temperature,2026-03-28T14:05:12.858156,24.37,42.18,0,331,6.35,0,telemetry.internal,0
esp32_temp_1,temperature,2026-03-28T14:05:16.858156,22.01,51.48,0,438,4.57,0,api.home.local,0
smart_lock_1,lock,2026-03-28T14:05:19.858156,0,0,0,223,5.33,0,api.home.local,0
esp32_temp_1,temperature,2026-03-28T14:05:22.858156,27.57,44.19,0,2137,6.17,0,evil-server.xyz,1
esp32_temp_1,temperature,2026-03-28T14:05:26.858156,23.29,40.3,0,155,7.8,0,telemetry.internal,0
esp32_temp_1,temperature,2026-03-28T14:05:28.858156,27.23,30.42,0,152,3.3,0,cloud.iot.safe,0
smart_lock_1,lock,2026-03-28T14:05:32.858156,0,0,0,132,1.51,0,telemetry.internal,0
esp32_motion_1,motion,2026-03-28T14:05:35.858156,0,0,1,423,5.28,0,telemetry.internal,0
esp32_motion_1,motion,2026-03-28T14:05:40.858156,0,0,1,456,4.81,0,telemetry.internal,0
esp32_motion_1,motion,2026-03-28T14:05:45.858156,0,0,0,263,6.47,0,telemetry.internal,0
smart_lock_1,lock,2026-03-28T14:05:49.858156,0,0,0,328,2.81,0,telemetry.internal,0
esp32_motion_1,motion,2026-03-28T14:05:54.858156,0,0,1,85,2.22,0,telemetry.internal,0
esp32_motion_1,motion,2026-03-28T14:05:55.858156,0,0,0,216,3.78,0,telemetry.internal,0
esp32_temp_1,temperature,2026-03-28T14:05:59.858156,21.44,30.63,0,217,2.21,0,telemetry.internal,0
camera_1,camera,2026-03-28T14:06:03.858156,0,0,0,112,7.82,0,api.home.local,0
smart_light_1,light,2026-03-28T14:06:06.858156,0,0,0,492,6.97,0,telemetry.internal,0
smart_lock_1,lock,2026-03-28T14:06:11.858156,0,0,0,209,6.43,0,telemetry.internal,0
esp32_temp_1,temperature,2026-03-28T14:06:16.858156,24.0,35.88,0,406,1.97,0,cloud.iot.safe,0
smart_lock_1,lock,2026-03-28T14:06:18.858156,0,0,0,206,8.65,0,telemetry.internal,0
smart_lock_1,lock,2026-03-28T14:06:23.858156,0,0,0,298,9.66,0,cloud.iot.safe,0
smart_lock_1,lock,2026-03-28T14:06:28.858156,0,0,0,495,0.187,0,cloud.iot.safe,1
smart_light_1,light,2026-03-28T14:06:29.858156,0,0,0,3797,4.74,0,unknown-remote.biz,1
esp32_temp_1,temperature,2026-03-28T14:06:34.858156,28.34,56.78,0,291,4.12,0,telemetry.internal,0
smart_lock_1,lock,2026-03-28T14:06:36.858156,0,0,0,289,7.7,0,api.home.local,0
camera_1,camera,2026-03-28T14:06:41.858156,0,0,0,141,1.97,0,api.home.local,0
camera_1,camera,2026-03-28T14:06:42.858156,0,0,0,443,6.59,0,telemetry.internal,0
camera_1,camera,2026-03-28T14:06:47.858156,0,0,0,166,6.25,0,api.home.local,0
smart_lock_1,lock,2026-03-28T14:06:50.858156,0,0,0,3655,9.42,0,malicious-drop.net,1
smart_lock_1,lock,2026-03-28T14:06:55.858156,0,0,0,380,9.12,0,telemetry.internal,0
esp32_temp_1,temperature,2026-03-28T14:07:00.858156,23.96,51.41,0,76,3.56,0,api.home.local,0
camera_1,camera,2026-03-28T14:07:04.858156,0,0,0,378,3.21,0,telemetry.internal,0
esp32_motion_1,motion,2026-03-28T14:07:08.858156,0,0,1,313,6.86,0,api.home.local,0
esp32_temp_1,temperature,2026-03-28T14:07:09.858156,27.18,53.83,0,178,8.05,9,cloud.iot.safe,1
esp32_motion_1,motion,2026-03-28T14:07:10.858156,0,0,0,115,7.49,0,cloud.iot.safe,0
camera_1,camera,2026-03-28T14:07:14.858156,0,0,0,66,7.38,0,telemetry.internal,0
esp32_motion_1,motion,2026-03-28T14:07:18.858156,0,0,0,462,7.89,0,cloud.iot.safe,0
camera_1,camera,2026-03-28T14:07:23.858156,0,0,0,239,2.53,0,api.home.local,0
esp32_temp_1,temperature,2026-03-28T14:07:27.858156,25.97,39.59,0,428,8.13,0,telemetry.internal,0
esp32_motion_1,motion,2026-03-28T14:07:29.858156,0,0,1,393,2.51,0,api.home.local,0
camera_1,camera,2026-03-28T14:07:33.858156,0,0,0,165,6.55,0,telemetry.internal,0
smart_light_1,light,2026-03-28T14:07:34.858156,0,0,0,364,1.23,0,cloud.iot.safe,0
smart_light_1,light,2026-03-28T14:07:39.858156,0,0,0,1831,5.05,0,evil-server.xyz,1
esp32_motion_1,motion,2026-03-28T14:07:42.858156,0,0,0,2404,7.04,0,malicious-drop.net,1
smart_lock_1,lock,2026-03-28T14:07:47.858156,0,0,0,1709,2.81,0,evil-server.xyz,1
smart_lock_1,lock,2026-03-28T14:07:49.858156,0,0,0,232,2.85,0,telemetry.internal,0
smart_lock_1,lock,2026-03-28T14:07:52.858156,102.27867253797628,0,0,424,8.07,0,telemetry.internal,1
esp32_temp_1,temperature,2026-03-28T14:07:55.858156,-8.875108919320912,39.52,0,414,3.25,0,api.home.local,1
camera_1,camera,2026-03-28T14:07:56.858156,0,0,0,172,0.184,0,telemetry.internal,1
camera_1,camera,2026-03-28T14:07:59.858156,0,0,0,100,9.61,0,api.home.local,0
esp32_temp_1,temperature,2026-03-28T14:08:04.858156,24.99,48.03,0,343,8.88,0,telemetry.internal,0
smart_lock_1,lock,2026-03-28T14:08:06.858156,0,0,0,478,4.71,0,telemetry.internal,0
smart_light_1,light,2026-03-28T14:08:08.858156,0,0,0,97,4.58,0,api.home.local,0
esp32_motion_1,motion,2026-03-28T14:08:10.858156,0,0,1,483,9.49,0,api.home.local,0
esp32_motion_1,motion,2026-03-28T14:08:12.858156,0,0,1,133,7.64,0,cloud.iot.safe,0
smart_light_1,light,2026-03-28T14:08:14.858156,0,0,0,202,7.68,0,api.home.local,0
smart_light_1,light,2026-03-28T14:08:18.858156,0,0,0,301,6.56,0,api.home.local,0
smart_light_1,light,2026-03-28T14:08:19.858156,0,0,0,496,1.91,0,telemetry.internal,0
esp32_motion_1,motion,2026-03-28T14:08:22.858156,38.197518680272616,0,0,383,2.69,0,api.home.local,1
camera_1,camera,2026-03-28T14:08:23.858156,0,0,0,2397,7.35,0,evil-server.xyz,1
esp32_motion_1,motion,2026-03-28T14:08:25.858156,0,0,1,285,4.44,0,telemetry.internal,0
esp32_motion_1,motion,2026-03-28T14:08:28.858156,0,0,1,421,9.65,0,cloud.iot.safe,0
smart_lock_1,lock,2026-03-28T14:08:30.858156,0,0,0,343,3.91,0,api.home.local,0
esp32_temp_1,temperature,2026-03-28T14:08:34.858156,26.51,56.34,0,311,6.24,0,telemetry.internal,0
camera_1,camera,2026-03-28T14:08:39.858156,0,0,0,154,5.51,0,telemetry.internal,0
smart_lock_1,lock,2026-03-28T14:08:42.858156,0,0,0,458,5.03,0,telemetry.internal,0
camera_1,camera,2026-03-28T14:08:43.858156,0,0,0,129,2.76,0,telemetry.internal,0
esp32_motion_1,motion,2026-03-28T14:08:45.858156,0,0,1,451,2.41,0,telemetry.internal,0
esp32_motion_1,motion,2026-03-28T14:08:50.858156,0,0,0,472,8.04,0,cloud.iot.safe,0
esp32_motion_1,motion,2026-03-28T14:08:52.858156,0,0,0,193,7.84,0,telemetry.internal,0
smart_lock_1,lock,2026-03-28T14:08:56.858156,4.011810481400243,0,0,326,5.67,0,cloud.iot.safe,1
camera_1,camera,2026-03-28T14:09:01.858156,0,0,0,3607,2.18,0,unknown-remote.biz,1
esp32_temp_1,temperature,2026-03-28T14:09:03.858156,25.32,57.78,0,211,8.5,0,cloud.iot.safe,0
camera_1,camera,2026-03-28T14:09:05.858156,0,0,0,198,2.42,0,api.home.local,0
smart_lock_1,lock,2026-03-28T14:09:10.858156,0,0,0,331,7.58,0,api.home.local,0
smart_light_1,light,2026-03-28T14:09:15.858156,0,0,0,474,7.13,0,telemetry.internal,0
esp32_temp_1,temperature,2026-03-28T14:09:16.858156,21.5,51.74,0,2181,7.85,0,unknown-remote.biz,1
smart_lock_1,lock,2026-03-28T14:09:19.858156,0,0,0,108,7.77,0,telemetry.internal,0
esp32_temp_1,temperature,2026-03-28T14:09:23.858156,23.15,50.95,0,408,6.74,0,cloud.iot.safe,0
esp32_temp_1,temperature,2026-03-28T14:09:25.858156,27.44,43.9,0,349,2.77,0,api.home.local,0
esp32_temp_1,temperature,2026-03-28T14:09:26.858156,21.0,37.44,0,394,2.59,0,cloud.iot.safe,0
esp32_motion_1,motion,2026-03-28T14:09:28.858156,0,0,1,155,1.76,19,telemetry.internal,1
camera_1,camera,2026-03-28T14:09:29.858156,0,0,0,157,7.07,0,cloud.iot.safe,0
esp32_motion_1,motion,2026-03-28T14:09:32.858156,0,0,0,283,3.94,0,api.home.local,0
smart_lock_1,lock,2026-03-28T14:09:35.858156,0,0,0,357,2.45,0,api.home.local,0
smart_light_1,light,2026-03-28T14:09:40.858156,0,0,0,430,8.7,0,api.home.local,0
esp32_temp_1,temperature,2026-03-28T14:09:42.858156,25.06,53.76,0,425,0.101,0,api.home.local,1
smart_light_1,light,2026-03-28T14:09:47.858156,0,0,0,428,6.79,0,api.home.local,0
esp32_temp_1,temperature,2026-03-28T14:09:50.858156,27.26,30.99,0,311,2.93,8,api.home.local,1
smart_light_1,light,2026-03-28T14:09:54.858156,0,0,0,71,7.9,0,telemetry.internal,0
camera_1,camera,2026-03-28T14:09:56.858156,0,0,0,414,1.49,0,cloud.iot.safe,0
esp32_temp_1,temperature,2026-03-28T14:09:59.858156,28.05,53.16,0,332,4.69,0,api.home.local,0
esp32_motion_1,motion,2026-03-28T14:10:03.858156,0,0,0,448,7.34,0,telemetry.internal,0
smart_light_1,light,2026-03-28T14:10:04.858156,0,0,0,66,0.155,0,telemetry.internal,1
smart_lock_1,lock,2026-03-28T14:10:05.858156,0,0,0,384,1.17,0,cloud.iot.safe,0
esp32_motion_1,motion,2026-03-28T14:10:09.858156,0,0,0,307,4.03,0,cloud.iot.safe,0
esp32_motion_1,motion,2026-03-28T14:10:13.858156,0,0,1,344,3.93,0,api.home.local,0
smart_lock_1,lock,2026-03-28T14:10:15.858156,0,0,0,332,9.29,0,telemetry.internal,0
smart_light_1,light,2026-03-28T14:10:17.858156,0,0,0,272,2.95,0,cloud.iot.safe,0
esp32_motion_1,motion,2026-03-28T14:10:20.858156,0,0,1,83,2.9,0,api.home.local,0
smart_light_1,light,2026-03-28T14:10:23.858156,0,0,0,327,3.56,0,telemetry.internal,0
esp32_temp_1,temperature,2026-03-28T14:10:27.858156,24.86,56.01,0,238,3.36,0,telemetry.internal,0
smart_light_1,light,2026-03-28T14:10:29.858156,0,0,0,227,8.24,0,telemetry.internal,0
camera_1,camera,2026-03-28T14:10:34.858156,0,0,0,433,7.63,0,api.home.local,0
camera_1,camera,2026-03-28T14:10:39.858156,0,0,0,421,1.65,0,telemetry.internal,0
esp32_temp_1,temperature,2026-03-28T14:10:40.858156,28.62,48.11,0,383,9.51,0,api.home.local,0
esp32_temp_1,temperature,2026-03-28T14:10:41.858156,24.66,49.24,0,229,2.57,0,cloud.iot.safe,0
smart_light_1,light,2026-03-28T14:10:44.858156,0,0,0,203,9.05,0,telemetry.internal,0
smart_light_1,light,2026-03-28T14:10:47.858156,0,0,0,170,5.97,0,telemetry.internal,0
smart_lock_1,lock,2026-03-28T14:10:48.858156,0,0,0,120,2.84,0,api.home.local,0
smart_lock_1,lock,2026-03-28T14:10:51.858156,0,0,0,200,2.66,0,cloud.iot.safe,0
camera_1,camera,2026-03-28T14:10:54.858156,0,0,0,149,1.32,0,cloud.iot.safe,0
camera_1,camera,2026-03-28T14:10:58.858156,0,0,0,452,7.31,0,cloud.iot.safe,0
smart_light_1,light,2026-03-28T14:11:02.858156,0,0,0,93,7.54,0,api.home.local,0
esp32_motion_1,motion,2026-03-28T14:11:04.858156,0,0,0,340,7.87,0,api.home.local,0
camera_1,camera,2026-03-28T14:11:08.858156,77.24948148684814,0,0,170,9.21,0,telemetry.internal,1
smart_light_1,light,2026-03-28T14:11:12.858156,0,0,0,68,6.67,0,api.home.local,0
smart_light_1,light,2026-03-28T14:11:14.858156,0,0,0,65,5.16,0,cloud.iot.safe,0
smart_lock_1,lock,2026-03-28T14:11:15.858156,0,0,0,461,3.47,0,cloud.iot.safe,0
smart_lock_1,lock,2026-03-28T14:11:20.858156,0,0,0,344,5.11,0,cloud.iot.safe,0
smart_lock_1,lock,2026-03-28T14:11:25.858156,0,0,0,368,9.86,0,telemetry.internal,0
esp32_motion_1,motion,2026-03-28T14:11:27.858156,0,0,0,288,2.82,0,telemetry.internal,0
esp32_motion_1,motion,2026-03-28T14:11:31.858156,0,0,1,145,5.01,0,telemetry.internal,0
esp32_temp_1,temperature,2026-03-28T14:11:33.858156,29.49,44.76,0,435,3.89,0,cloud.iot.safe,0
smart_light_1,light,2026-03-28T14:11:36.858156,0,0,0,195,6.9,0,telemetry.internal,0
smart_lock_1,lock,2026-03-28T14:11:41.858156,0,0,0,421,1.4,0,telemetry.internal,0
esp32_motion_1,motion,2026-03-28T14:11:42.858156,0,0,0,439,8.97,0,cloud.iot.safe,0
esp32_motion_1,motion,2026-03-28T14:11:44.858156,0,0,0,77,4.43,0,telemetry.internal,0
smart_lock_1,lock,2026-03-28T14:11:47.858156,0,0,0,337,5.75,0,cloud.iot.safe,0
esp32_motion_1,motion,2026-03-28T14:11:48.858156,0,0,1,282,2.95,0,telemetry.internal,0
smart_lock_1,lock,2026-03-28T14:11:51.858156,0,0,0,87,6.93,0,api.home.local,0
esp32_motion_1,motion,2026-03-28T14:11:52.858156,0,0,1,381,1.19,0,telemetry.internal,0
camera_1,camera,2026-03-28T14:11:54.858156,0,0,0,434,1.67,0,telemetry.internal,0
camera_1,camera,2026-03-28T14:11:55.858156,0,0,0,415,5.71,9,telemetry.internal,1
smart_lock_1,lock,2026-03-28T14:12:00.858156,0,0,0,418,1.04,0,telemetry.internal,0
camera_1,camera,2026-03-28T14:12:01.858156,0,0,0,312,3.46,0,api.home.local,0
smart_light_1,light,2026-03-28T14:12:06.858156,0,0,0,367,2.42,0,api.home.local,0
esp32_temp_1,temperature,2026-03-28T14:12:08.858156,29.28,36.74,0,494,4.56,0,cloud.iot.safe,0
esp32_motion_1,motion,2026-03-28T14:12:12.858156,0,0,1,403,3.06,0,api.home.local,0
camera_1,camera,2026-03-28T14:12:13.858156,0,0,0,346,5.52,0,cloud.iot.safe,0
camera_1,camera,2026-03-28T14:12:15.858156,0,0,0,236,2.25,0,api.home.local,0
esp32_temp_1,temperature,2026-03-28T14:12:16.858156,24.22,42.76,0,439,8.27,0,cloud.iot.safe,0
esp32_temp_1,temperature,2026-03-28T14:12:19.858156,20.05,37.49,0,102,6.72,0,telemetry.internal,0
camera_1,camera,2026-03-28T14:12:23.858156,0,0,0,205,9.38,0,telemetry.internal,0
smart_light_1,light,2026-03-28T14:12:27.858156,0,0,0,255,9.1,0,telemetry.internal,0
camera_1,camera,2026-03-28T14:12:32.858156,0,0,0,460,0.181,0,cloud.iot.safe,1
smart_lock_1,lock,2026-03-28T14:12:34.858156,0,0,0,169,9.8,0,telemetry.internal,0
smart_light_1,light,2026-03-28T14:12:35.858156,0,0,0,327,5.77,0,api.home.local,0
camera_1,camera,2026-03-28T14:12:38.858156,0,0,0,491,4.11,0,cloud.iot.safe,0
esp32_temp_1,temperature,2026-03-28T14:12:41.858156,20.44,37.29,0,159,4.0,0,cloud.iot.safe,0
smart_lock_1,lock,2026-03-28T14:12:42.858156,0,0,0,499,2.7,0,api.home.local,0
smart_lock_1,lock,2026-03-28T14:12:46.858156,0,0,0,437,5.04,0,api.home.local,0
esp32_temp_1,temperature,2026-03-28T14:12:50.858156,29.57,42.33,0,183,4.72,0,api.home.local,0
smart_light_1,light,2026-03-28T14:12:51.858156,0,0,0,86,4.13,0,cloud.iot.safe,0
smart_lock_1,lock,2026-03-28T14:12:55.858156,0,0,0,126,1.36,0,api.home.local,0
smart_light_1,light,2026-03-28T14:12:59.858156,0,0,0,275,7.45,0,api.home.local,0
esp32_temp_1,temperature,2026-03-28T14:13:01.858156,25.32,51.21,0,75,6.11,0,cloud.iot.safe,0
camera_1,camera,2026-03-28T14:13:02.858156,0,0,0,417,4.85,0,cloud.iot.safe,0
smart_lock_1,lock,2026-03-28T14:13:07.858156,0,0,0,390,5.33,0,api.home.local,0
smart_light_1,light,2026-03-28T14:13:09.858156,0,0,0,314,7.46,0,telemetry.internal,0
smart_light_1,light,2026-03-28T14:13:13.858156,0,0,0,342,8.96,8,cloud.iot.safe,1
smart_lock_1,lock,2026-03-28T14:13:15.858156,0,0,0,431,7.99,0,telemetry.internal,0
smart_lock_1,lock,2026-03-28T14:13:17.858156,0,0,0,258,1.54,0,api.home.local,0
camera_1,camera,2026-03-28T14:13:22.858156,0,0,0,490,1.59,17,cloud.iot.safe,1
smart_lock_1,lock,2026-03-28T14:13:25.858156,0,0,0,303,8.86,0,api.home.local,0
smart_light_1,light,2026-03-28T14:13:28.858156,0,0,0,74,8.36,0,telemetry.internal,0
esp32_motion_1,motion,2026-03-28T14:13:31.858156,0,0,0,189,2.79,0,cloud.iot.safe,0
esp32_temp_1,temperature,2026-03-28T14:13:35.858156,20.64,58.68,0,450,8.94,0,cloud.iot.safe,0
esp32_motion_1,motion,2026-03-28T14:13:39.858156,0,0,1,314,4.33,0,cloud.iot.safe,0
smart_light_1,light,2026-03-28T14:13:42.858156,0,0,0,460,3.7,13,telemetry.internal,1
smart_light_1,light,2026-03-28T14:13:43.858156,0,0,0,384,4.11,0,api.home.local,0
smart_light_1,light,2026-03-28T14:13:48.858156,0,0,0,429,3.94,0,cloud.iot.safe,0
camera_1,camera,2026-03-28T14:13:53.858156,0,0,0,398,1.94,0,api.home.local,0
camera_1,camera,2026-03-28T14:13:58.858156,0,0,0,266,7.58,0,cloud.iot.safe,0
camera_1,camera,2026-03-28T14:14:02.858156,0,0,0,332,6.69,0,api.home.local,0
esp32_motion_1,motion,2026-03-28T14:14:05.858156,0,0,1,296,2.64,0,api.home.local,0
esp32_temp_1,temperature,2026-03-28T14:14:10.858156,27.0,58.82,0,92,3.82,0,telemetry.internal,0
esp32_motion_1,motion,2026-03-28T14:14:13.858156,0,0,1,304,0.094,0,telemetry.internal,1
smart_lock_1,lock,2026-03-28T14:14:15.858156,0,0,0,293,2.38,0,telemetry.internal,0
esp32_motion_1,motion,2026-03-28T14:14:18.858156,0,0,1,186,6.26,0,telemetry.internal,0
camera_1,camera,2026-03-28T14:14:22.858156,0,0,0,273,7.81,0,cloud.iot.safe,0
smart_light_1,light,2026-03-28T14:14:27.858156,0,0,0,242,9.61,0,api.home.local,0
smart_light_1,light,2026-03-28T14:14:31.858156,0,0,0,121,2.56,0,cloud.iot.safe,0
esp32_temp_1,temperature,2026-03-28T14:14:34.858156,23.69,37.23,0,74,9.43,0,cloud.iot.safe,0
smart_lock_1,lock,2026-03-28T14:14:37.858156,0,0,0,346,7.26,0,telemetry.internal,0
smart_lock_1,lock,2026-03-28T14:14:38.858156,0,0,0,412,7.42,0,telemetry.internal,0
smart_lock_1,lock,2026-03-28T14:14:43.858156,0,0,0,191,2.94,0,cloud.iot.safe,0
smart_light_1,light,2026-03-28T14:14:44.858156,0,0,0,295,4.9,0,telemetry.internal,0
smart_lock_1,lock,2026-03-28T14:14:49.858156,0,0,0,252,2.96,0,telemetry.internal,0
smart_lock_1,lock,2026-03-28T14:14:51.858156,0,0,0,260,5.86,0,telemetry.internal,0
esp32_temp_1,temperature,2026-03-28T14:14:52.858156,25.98,31.59,0,336,5.63,0,cloud.iot.safe,0
esp32_temp_1,temperature,2026-03-28T14:14:55.858156,29.04,46.97,0,4237,8.22,0,evil-server.xyz,1
esp32_temp_1,temperature,2026-03-28T14:14:56.858156,22.42,55.58,0,301,8.53,10,telemetry.internal,1
smart_light_1,light,2026-03-28T14:14:59.858156,0,0,0,410,6.82,0,api.home.local,0
smart_light_1,light,2026-03-28T14:15:03.858156,0,0,0,496,8.15,0,cloud.iot.safe,0
smart_lock_1,lock,2026-03-28T14:15:08.858156,0,0,0,325,8.3,0,cloud.iot.safe,0
smart_lock_1,lock,2026-03-28T14:15:10.858156,0,0,0,189,3.26,0,telemetry.internal,0
camera_1,camera,2026-03-28T14:15:13.858156,0,0,0,2972,3.84,0,unknown-remote.biz,1
esp32_temp_1,temperature,2026-03-28T14:15:18.858156,20.79,37.75,0,121,9.54,0,telemetry.internal,0
esp32_temp_1,temperature,2026-03-28T14:15:22.858156,29.93,51.52,0,387,8.28,0,api.home.local,0
smart_lock_1,lock,2026-03-28T14:15:27.858156,0,0,0,190,4.76,0,cloud.iot.safe,0
smart_lock_1,lock,2026-03-28T14:15:29.858156,0,0,0,102,9.53,0,telemetry.internal,0
esp32_motion_1,motion,2026-03-28T14:15:30.858156,0,0,1,268,1.98,0,cloud.iot.safe,0
smart_light_1,light,2026-03-28T14:15:34.858156,0,0,0,399,1.89,0,cloud.iot.safe,0
esp32_motion_1,motion,2026-03-28T14:15:35.858156,0,0,0,273,3.63,0,api.home.local,0
smart_light_1,light,2026-03-28T14:15:36.858156,0,0,0,160,9.14,0,telemetry.internal,0
smart_lock_1,lock,2026-03-28T14:15:40.858156,0,0,0,333,9.44,0,cloud.iot.safe,0
esp32_motion_1,motion,2026-03-28T14:15:42.858156,0,0,0,87,1.53,0,telemetry.internal,0
esp32_motion_1,motion,2026-03-28T14:15:45.858156,0,0,1,409,2.16,0,api.home.local,0
smart_light_1,light,2026-03-28T14:15:48.858156,0,0,0,474,1.07,0,api.home.local,0
esp32_temp_1,temperature,2026-03-28T14:15:49.858156,28.72,46.5,0,486,0.144,0,telemetry.internal,1
camera_1,camera,2026-03-28T14:15:54.858156,0,0,0,459,3.43,0,telemetry.internal,0
camera_1,camera,2026-03-28T14:15:58.858156,0,0,0,287,2.87,0,cloud.iot.safe,0
camera_1,camera,2026-03-28T14:16:03.858156,0,0,0,61,9.22,0,api.home.local,0
esp32_motion_1,motion,2026-03-28T14:16:06.858156,0,0,0,485,1.99,0,telemetry.internal,0
camera_1,camera,2026-03-28T14:16:07.858156,0,0,0,495,0.158,0,api.home.local,1
smart_lock_1,lock,2026-03-28T14:16:10.858156,0,0,0,194,9.47,0,telemetry.internal,0
smart_lock_1,lock,2026-03-28T14:16:12.858156,0,0,0,199,1.65,0,cloud.iot.safe,0
smart_lock_1,lock,2026-03-28T14:16:14.858156,0,0,0,111,9.96,0,api.home.local,0
smart_light_1,light,2026-03-28T14:16:19.858156,0,0,0,157,2.14,0,telemetry.internal,0
esp32_temp_1,temperature,2026-03-28T14:16:22.858156,25.64,43.83,0,402,6.52,0,telemetry.internal,0
camera_1,camera,2026-03-28T14:16:25.858156,0,0,0,376,2.69,0,cloud.iot.safe,0
camera_1,camera,2026-03-28T14:16:28.858156,0,0,0,127,2.17,0,telemetry.internal,0
smart_light_1,light,2026-03-28T14:16:33.858156,0,0,0,424,1.04,0,cloud.iot.safe,0
esp32_motion_1,motion,2026-03-28T14:16:36.858156,0,0,1,306,2.11,0,cloud.iot.safe,0
esp32_temp_1,temperature,2026-03-28T14:16:39.858156,29.92,57.43,0,374,5.01,0,telemetry.internal,0
smart_lock_1,lock,2026-03-28T14:16:44.858156,0,0,0,356,9.7,0,api.home.local,0
smart_lock_1,lock,2026-03-28T14:16:47.858156,0,0,0,242,2.23,7,telemetry.internal,1
camera_1,camera,2026-03-28T14:16:49.858156,0,0,0,262,6.22,0,cloud.iot.safe,0
esp32_temp_1,temperature,2026-03-28T14:16:51.858156,25.17,53.41,0,482,3.41,0,cloud.iot.safe,0
camera_1,camera,2026-03-28T14:16:52.858156,0,0,0,391,7.99,0,telemetry.internal,0
esp32_temp_1,temperature,2026-03-28T14:16:55.858156,26.15,45.2,0,387,5.62,0,cloud.iot.safe,0
esp32_temp_1,temperature,2026-03-28T14:17:00.858156,21.89,38.68,0,370,3.58,0,telemetry.internal,0
camera_1,camera,2026-03-28T14:17:05.858156,0,0,0,163,1.75,0,cloud.iot.safe,0
esp32_motion_1,motion,2026-03-28T14:17:10.858156,0,0,1,322,0.041,0,telemetry.internal,1
camera_1,camera,2026-03-28T14:17:15.858156,0,0,0,448,5.18,0,telemetry.internal,0
esp32_motion_1,motion,2026-03-28T14:17:16.858156,0,0,0,423,6.32,0,cloud.iot.safe,0
smart_lock_1,lock,2026-03-28T14:17:21.858156,0,0,0,160,5.5,0,cloud.iot.safe,0
esp32_temp_1,temperature,2026-03-28T14:17:23.858156,26.3,33.22,0,164,6.0,0,telemetry.internal,0
esp32_temp_1,temperature,2026-03-28T14:17:26.858156,24.47,48.09,0,408,4.82,0,telemetry.internal,0
esp32_motion_1,motion,2026-03-28T14:17:27.858156,0,0,1,454,1.4,0,telemetry.internal,0
camera_1,camera,2026-03-28T14:17:28.858156,0,0,0,109,6.65,0,api.home.local,0
camera_1,camera,2026-03-28T14:17:31.858156,0,0,0,496,7.75,0,telemetry.internal,0
smart_lock_1,lock,2026-03-28T14:17:33.858156,8.42226333584123,0,0,281,5.01,0,telemetry.internal,1
esp32_motion_1,motion,2026-03-28T14:17:38.858156,0,0,0,150,3.74,0,cloud.iot.safe,0
esp32_motion_1,motion,2026-03-28T14:17:43.858156,0,0,1,282,9.85,0,telemetry.internal,0
smart_lock_1,lock,2026-03-28T14:17:44.858156,0,0,0,265,4.23,0,telemetry.internal,0
smart_light_1,light,2026-03-28T14:17:47.858156,0,0,0,187,4.88,0,telemetry.internal,0
esp32_motion_1,motion,2026-03-28T14:17:48.858156,0,0,0,164,1.59,0,api.home.local,0
smart_lock_1,lock,2026-03-28T14:17:50.858156,0,0,0,141,9.06,0,cloud.iot.safe,0
camera_1,camera,2026-03-28T14:17:51.858156,0,0,0,76,5.59,0,telemetry.internal,0
esp32_motion_1,motion,2026-03-28T14:17:52.858156,0,0,1,314,1.14,0,cloud.iot.safe,0
smart_light_1,light,2026-03-28T14:17:53.858156,0,0,0,251,8.44,0,cloud.iot.safe,0
smart_light_1,light,2026-03-28T14:17:54.858156,0,0,0,211,9.26,0,telemetry.internal,0
camera_1,camera,2026-03-28T14:17:56.858156,0,0,0,233,8.7,0,cloud.iot.safe,0
camera_1,camera,2026-03-28T14:17:58.858156,0,0,0,450,0.145,0,cloud.iot.safe,1
esp32_motion_1,motion,2026-03-28T14:18:03.858156,0,0,0,380,5.49,0,cloud.iot.safe,0
camera_1,camera,2026-03-28T14:18:08.858156,0,0,0,4057,7.83,0,unknown-remote.biz,1
smart_lock_1,lock,2026-03-28T14:18:11.858156,0,0,0,135,2.55,0,api.home.local,0
smart_light_1,light,2026-03-28T14:18:16.858156,0,0,0,344,6.07,0,cloud.iot.safe,0
camera_1,camera,2026-03-28T14:18:20.858156,0,0,0,381,1.14,0,telemetry.internal,0
esp32_motion_1,motion,2026-03-28T14:18:25.858156,0,0,1,269,7.75,0,api.home.local,0
smart_lock_1,lock,2026-03-28T14:18:29.858156,0,0,0,130,4.33,0,cloud.iot.safe,0
smart_lock_1,lock,2026-03-28T14:18:32.858156,0,0,0,330,1.03,0,api.home.local,0
esp32_motion_1,motion,2026-03-28T14:18:34.858156,0,0,0,236,3.75,0,api.home.local,0
smart_light_1,light,2026-03-28T14:18:36.858156,0,0,0,354,4.33,0,cloud.iot.safe,0
esp32_motion_1,motion,2026-03-28T14:18:40.858156,0,0,0,103,7.62,0,telemetry.internal,0
smart_lock_1,lock,2026-03-28T14:18:44.858156,0,0,0,252,1.66,0,api.home.local,0
esp32_motion_1,motion,2026-03-28T14:18:46.858156,0,0,0,283,8.98,16,cloud.iot.safe,1
esp32_motion_1,motion,2026-03-28T14:18:50.858156,0,0,1,488,6.64,0,telemetry.internal,0
esp32_temp_1,temperature,2026-03-28T14:18:52.858156,21.64,46.44,0,109,2.18,0,cloud.iot.safe,0
smart_lock_1,lock,2026-03-28T14:18:53.858156,0,0,0,90,8.83,0,telemetry.internal,0
camera_1,camera,2026-03-28T14:18:54.858156,0,0,0,207,6.44,0,api.home.local,0
smart_light_1,light,2026-03-28T14:18:57.858156,99.20142536206981,0,0,267,2.01,0,cloud.iot.safe,1
esp32_temp_1,temperature,2026-03-28T14:19:01.858156,20.74,53.78,0,407,6.38,0,api.home.local,0
smart_lock_1,lock,2026-03-28T14:19:02.858156,0,0,0,111,1.24,0,cloud.iot.safe,0
esp32_motion_1,motion,2026-03-28T14:19:05.858156,0,0,1,132,6.45,0,telemetry.internal,0
smart_light_1,light,2026-03-28T14:19:07.858156,0,0,0,77,5.47,0,api.home.local,0
camera_1,camera,2026-03-28T14:19:10.858156,0,0,0,352,3.99,0,cloud.iot.safe,0
smart_light_1,light,2026-03-28T14:19:12.858156,0,0,0,415,7.1,0,api.home.local,0
camera_1,camera,2026-03-28T14:19:15.858156,0,0,0,445,1.9,0,cloud.iot.safe,0
camera_1,camera,2026-03-28T14:19:17.858156,0,0,0,257,1.45,0,api.home.local,0
smart_light_1,light,2026-03-28T14:19:20.858156,0,0,0,334,7.88,0,api.home.local,0
esp32_temp_1,temperature,2026-03-28T14:19:25.858156,22.23,33.36,0,301,7.11,0,telemetry.internal,0
esp32_temp_1,temperature,2026-03-28T14:19:26.858156,28.08,33.09,0,76,1.6,0,cloud.iot.safe,0
smart_lock_1,lock,2026-03-28T14:19:29.858156,0,0,0,334,3.99,0,telemetry.internal,0
camera_1,camera,2026-03-28T14:19:30.858156,0,0,0,423,7.12,0,api.home.local,0
esp32_motion_1,motion,2026-03-28T14:19:33.858156,0,0,0,119,8.44,0,api.home.local,0
camera_1,camera,2026-03-28T14:19:35.858156,0,0,0,276,5.57,0,api.home.local,0
smart_lock_1,lock,2026-03-28T14:19:38.858156,0,0,0,99,4.22,0,api.home.local,0
esp32_temp_1,temperature,2026-03-28T14:19:43.858156,26.43,40.82,0,123,2.19,20,telemetry.internal,1
esp32_temp_1,temperature,2026-03-28T14:19:45.858156,27.49,55.64,0,403,9.47,0,cloud.iot.safe,0
esp32_temp_1,temperature,2026-03-28T14:19:46.858156,20.59,56.44,0,166,7.69,0,telemetry.internal,0
camera_1,camera,2026-03-28T14:19:47.858156,0,0,0,221,1.58,0,cloud.iot.safe,0
esp32_temp_1,temperature,2026-03-28T14:19:52.858156,23.17,38.84,0,106,4.39,0,api.home.local,0
smart_light_1,light,2026-03-28T14:19:55.858156,0,0,0,402,2.54,0,api.home.local,0
smart_lock_1,lock,2026-03-28T14:19:58.858156,0,0,0,223,1.13,0,telemetry.internal,0
esp32_temp_1,temperature,2026-03-28T14:20:01.858156,22.15,34.27,0,362,2.57,0,api.home.local,0
smart_light_1,light,2026-03-28T14:20:02.858156,0,0,0,431,9.34,0,api.home.local,0
camera_1,camera,2026-03-28T14:20:06.858156,0,0,0,332,3.81,0,cloud.iot.safe,0
smart_light_1,light,2026-03-28T14:20:09.858156,0,0,0,112,0.163,0,api.home.local,1
smart_lock_1,lock,2026-03-28T14:20:12.858156,0,0,0,141,7.2,0,cloud.iot.safe,0
smart_lock_1,lock,2026-03-28T14:20:15.858156,0,0,0,181,2.45,0,cloud.iot.safe,0
esp32_motion_1,motion,2026-03-28T14:20:17.858156,0,0,1,350,1.36,0,cloud.iot.safe,0
esp32_motion_1,motion,2026-03-28T14:20:18.858156,0,0,1,238,1.83,0,api.home.local,0
smart_light_1,light,2026-03-28T14:20:23.858156,0,0,0,346,3.42,0,cloud.iot.safe,0
smart_lock_1,lock,2026-03-28T14:20:25.858156,0,0,0,394,3.95,0,telemetry.internal,0
smart_light_1,light,2026-03-28T14:20:28.858156,0,0,0,359,2.78,0,cloud.iot.safe,0
smart_light_1,light,2026-03-28T14:20:33.858156,0,0,0,500,4.64,0,telemetry.internal,0
esp32_temp_1,temperature,2026-03-28T14:20:34.858156,20.56,44.35,0,88,0.171,0,api.home.local,1
camera_1,camera,2026-03-28T14:20:39.858156,0,0,0,222,6.86,0,cloud.iot.safe,0
smart_light_1,light,2026-03-28T14:20:41.858156,0,0,0,267,8.23,0,api.home.local,0
esp32_motion_1,motion,2026-03-28T14:20:42.858156,0,0,0,1752,8.59,0,evil-server.xyz,1
smart_light_1,light,2026-03-28T14:20:45.858156,0,0,0,340,8.1,0,cloud.iot.safe,0
esp32_temp_1,temperature,2026-03-28T14:20:47.858156,22.94,49.0,0,227,9.45,0,telemetry.internal,0
smart_lock_1,lock,2026-03-28T14:20:50.858156,0,0,0,442,8.92,0,api.home.local,0
smart_lock_1,lock,2026-03-28T14:20:52.858156,0,0,0,102,3.41,0,api.home.local,0
esp32_temp_1,temperature,2026-03-28T14:20:56.858156,21.59,41.39,0,283,5.21,0,telemetry.internal,0
smart_lock_1,lock,2026-03-28T14:21:01.858156,0,0,0,381,8.96,5,telemetry.internal,1
smart_lock_1,lock,2026-03-28T14:21:04.858156,0,0,0,3677,9.8,0,evil-server.xyz,1
smart_lock_1,lock,2026-03-28T14:21:07.858156,0,0,0,308,7.82,0,cloud.iot.safe,0
smart_lock_1,lock,2026-03-28T14:21:11.858156,0,0,0,330,3.79,0,cloud.iot.safe,0
smart_light_1,light,2026-03-28T14:21:13.858156,0,0,0,329,4.44,0,cloud.iot.safe,0
camera_1,camera,2026-03-28T14:21:16.858156,0,0,0,89,1.29,0,telemetry.internal,0
esp32_motion_1,motion,2026-03-28T14:21:21.858156,0,0,0,125,3.18,0,api.home.local,0
esp32_motion_1,motion,2026-03-28T14:21:22.858156,0,0,0,126,4.67,0,telemetry.internal,0
smart_light_1,light,2026-03-28T14:21:26.858156,0,0,0,85,2.88,0,api.home.local,0
esp32_temp_1,temperature,2026-03-28T14:21:27.858156,27.68,54.69,0,232,3.0,0,cloud.iot.safe,0
smart_light_1,light,2026-03-28T14:21:30.858156,0,0,0,438,5.0,0,telemetry.internal,0
esp32_motion_1,motion,2026-03-28T14:21:31.858156,0,0,1,247,9.47,0,api.home.local,0
esp32_temp_1,temperature,2026-03-28T14:21:34.858156,22.92,53.32,0,353,8.07,0,api.home.local,0
esp32_motion_1,motion,2026-03-28T14:21:36.858156,0,0,0,453,3.43,0,cloud.iot.safe,0
camera_1,camera,2026-03-28T14:21:41.858156,0,0,0,63,0.116,0,telemetry.internal,1
smart_light_1,light,2026-03-28T14:21:43.858156,0,0,0,228,6.23,0,cloud.iot.safe,0
smart_light_1,light,2026-03-28T14:21:47.858156,0,0,0,334,7.99,0,api.home.local,0
smart_light_1,light,2026-03-28T14:21:52.858156,0,0,0,403,2.58,0,api.home.local,0
smart_light_1,light,2026-03-28T14:21:55.858156,0,0,0,206,7.41,0,api.home.local,0
camera_1,camera,2026-03-28T14:21:57.858156,0,0,0,281,6.75,0,api.home.local,0
esp32_temp_1,temperature,2026-03-28T14:21:58.858156,20.11,45.34,0,405,5.62,0,telemetry.internal,0
esp32_temp_1,temperature,2026-03-28T14:22:03.858156,27.7,43.97,0,107,4.19,0,cloud.iot.safe,0
esp32_motion_1,motion,2026-03-28T14:22:06.858156,0,0,0,127,7.38,0,cloud.iot.safe,0
esp32_temp_1,temperature,2026-03-28T14:22:07.858156,29.56,32.33,0,129,7.1,0,telemetry.internal,0
smart_lock_1,lock,2026-03-28T14:22:08.858156,0,0,0,345,3.43,0,api.home.local,0
esp32_temp_1,temperature,2026-03-28T14:22:09.858156,29.97,55.5,0,268,4.66,0,cloud.iot.safe,0
smart_lock_1,lock,2026-03-28T14:22:13.858156,0,0,0,460,6.5,0,api.home.local,0
camera_1,camera,2026-03-28T14:22:15.858156,0,0,0,481,0.035,0,cloud.iot.safe,1
esp32_temp_1,temperature,2026-03-28T14:22:19.858156,27.22,54.66,0,79,5.33,0,telemetry.internal,0
esp32_motion_1,motion,2026-03-28T14:22:22.858156,0,0,1,442,8.97,0,api.home.local,0
smart_light_1,light,2026-03-28T14:22:27.858156,0,0,0,289,3.1,0,telemetry.internal,0
esp32_motion_1,motion,2026-03-28T14:22:28.858156,0,0,1,1537,8.72,0,malicious-drop.net,1
esp32_temp_1,temperature,2026-03-28T14:22:33.858156,21.67,31.03,0,437,4.15,0,api.home.local,0
camera_1,camera,2026-03-28T14:22:38.858156,0,0,0,365,4.02,0,cloud.iot.safe,0
esp32_motion_1,motion,2026-03-28T14:22:39.858156,0,0,1,143,4.5,0,cloud.iot.safe,0
camera_1,camera,2026-03-28T14:22:42.858156,0,0,0,414,3.96,0,telemetry.internal,0
smart_lock_1,lock,2026-03-28T14:22:47.858156,0,0,0,153,6.58,0,cloud.iot.safe,0
smart_lock_1,lock,2026-03-28T14:22:48.858156,0,0,0,422,2.03,0,cloud.iot.safe,0
esp32_motion_1,motion,2026-03-28T14:22:53.858156,0,0,1,407,0.107,0,cloud.iot.safe,1
camera_1,camera,2026-03-28T14:22:58.858156,0,0,0,196,6.74,0,telemetry.internal,0
smart_lock_1,lock,2026-03-28T14:23:02.858156,0,0,0,320,9.21,0,telemetry.internal,0
smart_light_1,light,2026-03-28T14:23:03.858156,0,0,0,433,6.52,0,telemetry.internal,0
esp32_temp_1,temperature,2026-03-28T14:23:04.858156,20.19,46.78,0,98,9.61,0,telemetry.internal,0
camera_1,camera,2026-03-28T14:23:07.858156,0,0,0,289,3.37,0,api.home.local,0
esp32_motion_1,motion,2026-03-28T14:23:12.858156,0,0,0,423,3.38,0,telemetry.internal,0
smart_light_1,light,2026-03-28T14:23:13.858156,0,0,0,413,9.46,0,cloud.iot.safe,0
smart_lock_1,lock,2026-03-28T14:23:15.858156,0,0,0,274,9.37,0,telemetry.internal,0
camera_1,camera,2026-03-28T14:23:16.858156,0,0,0,116,5.43,0,cloud.iot.safe,0
smart_lock_1,lock,2026-03-28T14:23:20.858156,0,0,0,84,1.48,19,cloud.iot.safe,1
esp32_temp_1,temperature,2026-03-28T14:23:23.858156,20.01,41.38,0,343,2.84,0,api.home.local,0
esp32_motion_1,motion,2026-03-28T14:23:25.858156,0,0,1,439,5.58,0,cloud.iot.safe,0
smart_light_1,light,2026-03-28T14:23:28.858156,0,0,0,91,8.03,0,api.home.local,0
esp32_motion_1,motion,2026-03-28T14:23:32.858156,0,0,0,410,7.02,0,telemetry.internal,0
esp32_temp_1,temperature,2026-03-28T14:23:37.858156,29.01,51.38,0,474,9.2,0,cloud.iot.safe,0
esp32_motion_1,motion,2026-03-28T14:23:42.858156,0,0,1,97,7.91,20,api.home.local,1
esp32_temp_1,temperature,2026-03-28T14:23:46.858156,24.18,36.14,0,159,2.12,0,cloud.iot.safe,0
esp32_motion_1,motion,2026-03-28T14:23:51.858156,0,0,0,434,7.13,0,api.home.local,0
esp32_motion_1,motion,2026-03-28T14:23:55.858156,0,0,1,70,3.67,0,api.home.local,0
esp32_motion_1,motion,2026-03-28T14:23:59.858156,0,0,1,413,6.48,0,cloud.iot.safe,0
smart_light_1,light,2026-03-28T14:24:02.858156,0,0,0,412,1.01,0,api.home.local,0
camera_1,camera,2026-03-28T14:24:04.858156,0,0,0,105,2.92,0,cloud.iot.safe,0
smart_light_1,light,2026-03-28T14:24:05.858156,0,0,0,89,7.97,0,telemetry.internal,0
smart_lock_1,lock,2026-03-28T14:24:10.858156,0,0,0,477,6.96,11,cloud.iot.safe,1
smart_light_1,light,2026-03-28T14:24:11.858156,0,0,0,389,7.92,0,telemetry.internal,0
esp32_temp_1,temperature,2026-03-28T14:24:15.858156,21.91,31.26,0,202,6.97,0,telemetry.internal,0
smart_light_1,light,2026-03-28T14:24:16.858156,0,0,0,258,5.61,0,api.home.local,0
esp32_temp_1,temperature,2026-03-28T14:24:18.858156,29.15,59.99,0,461,9.7,0,api.home.local,0
esp32_motion_1,motion,2026-03-28T14:24:20.858156,0,0,0,2534,6.42,0,unknown-remote.biz,1
smart_light_1,light,2026-03-28T14:24:22.858156,0,0,0,257,6.97,0,api.home.local,0
camera_1,camera,2026-03-28T14:24:23.858156,74.20850838052985,0,0,271,5.34,0,cloud.iot.safe,1
smart_light_1,light,2026-03-28T14:24:25.858156,0,0,0,175,6.98,0,api.home.local,0
smart_light_1,light,2026-03-28T14:24:30.858156,0,0,0,119,2.49,0,telemetry.internal,0
camera_1,camera,2026-03-28T14:24:31.858156,0,0,0,223,4.57,0,api.home.local,0
esp32_temp_1,temperature,2026-03-28T14:24:32.858156,26.64,54.13,0,185,7.15,0,telemetry.internal,0
smart_lock_1,lock,2026-03-28T14:24:37.858156,0,0,0,179,6.81,10,cloud.iot.safe,1
esp32_temp_1,temperature,2026-03-28T14:24:38.858156,25.44,42.22,0,188,1.02,0,cloud.iot.safe,0
smart_lock_1,lock,2026-03-28T14:24:42.858156,0,0,0,205,1.49,0,telemetry.internal,0
esp32_motion_1,motion,2026-03-28T14:24:44.858156,0,0,0,452,6.26,0,telemetry.internal,0
smart_lock_1,lock,2026-03-28T14:24:47.858156,0,0,0,452,8.79,0,cloud.iot.safe,0
camera_1,camera,2026-03-28T14:24:48.858156,0,0,0,187,5.77,13,telemetry.internal,1
esp32_temp_1,temperature,2026-03-28T14:24:52.858156,22.97,41.06,0,92,2.42,0,cloud.iot.safe,0
smart_light_1,light,2026-03-28T14:24:57.858156,0,0,0,87,2.16,0,telemetry.internal,0
smart_lock_1,lock,2026-03-28T14:25:01.858156,0,0,0,117,2.9,0,cloud.iot.safe,0
smart_lock_1,lock,2026-03-28T14:25:02.858156,0,0,0,362,7.06,0,api.home.local,0
camera_1,camera,2026-03-28T14:25:04.858156,0,0,0,225,7.36,0,telemetry.internal,0
esp32_motion_1,motion,2026-03-28T14:25:05.858156,15.483912252979152,0,0,237,8.41,0,cloud.iot.safe,1
esp32_temp_1,temperature,2026-03-28T14:25:10.858156,20.15,53.76,0,248,7.47,0,cloud.iot.safe,0
esp32_temp_1,temperature,2026-03-28T14:25:15.858156,2.007655133623107,49.28,0,469,5.99,0,api.home.local,1
esp32_motion_1,motion,2026-03-28T14:25:18.858156,0,0,1,462,8.71,0,cloud.iot.safe,0
esp32_motion_1,motion,2026-03-28T14:25:21.858156,0,0,0,136,2.98,0,api.home.local,0
smart_light_1,light,2026-03-28T14:25:24.858156,0,0,0,480,1.45,0,cloud.iot.safe,0
smart_lock_1,lock,2026-03-28T14:25:25.858156,0,0,0,152,7.43,0,cloud.iot.safe,0
smart_light_1,light,2026-03-28T14:25:30.858156,0,0,0,121,3.56,0,cloud.iot.safe,0
esp32_temp_1,temperature,2026-03-28T14:25:33.858156,23.05,53.06,0,148,1.97,0,api.home.local,0
smart_lock_1,lock,2026-03-28T14:25:38.858156,0,0,0,451,5.26,0,telemetry.internal,0
camera_1,camera,2026-03-28T14:25:41.858156,0,0,0,189,1.33,0,telemetry.internal,0
camera_1,camera,2026-03-28T14:25:45.858156,0,0,0,442,1.84,0,api.home.local,0
camera_1,camera,2026-03-28T14:25:49.858156,0,0,0,165,4.68,0,cloud.iot.safe,0
camera_1,camera,2026-03-28T14:25:53.858156,0,0,0,413,3.37,0,api.home.local,0
smart_light_1,light,2026-03-28T14:25:56.858156,0,0,0,356,2.63,0,cloud.iot.safe,0
esp32_motion_1,motion,2026-03-28T14:25:57.858156,0,0,1,253,3.58,0,telemetry.internal,0
esp32_motion_1,motion,2026-03-28T14:26:01.858156,0,0,0,229,7.98,0,telemetry.internal,0
esp32_motion_1,motion,2026-03-28T14:26:03.858156,0,0,1,309,7.04,0,api.home.local,0
esp32_temp_1,temperature,2026-03-28T14:26:04.858156,23.94,36.08,0,165,5.32,0,telemetry.internal,0
esp32_temp_1,temperature,2026-03-28T14:26:07.858156,21.55,39.18,0,474,8.77,0,cloud.iot.safe,0
camera_1,camera,2026-03-28T14:26:12.858156,0,0,0,357,9.47,0,cloud.iot.safe,0
smart_lock_1,lock,2026-03-28T14:26:15.858156,0,0,0,430,0.171,0,telemetry.internal,1
camera_1,camera,2026-03-28T14:26:20.858156,0,0,0,300,1.95,0,cloud.iot.safe,0
esp32_motion_1,motion,2026-03-28T14:26:21.858156,0,0,1,82,5.42,0,api.home.local,0
camera_1,camera,2026-03-28T14:26:23.858156,0,0,0,494,8.72,0,cloud.iot.safe,0
camera_1,camera,2026-03-28T14:26:27.858156,0,0,0,475,5.24,0,cloud.iot.safe,0
camera_1,camera,2026-03-28T14:26:30.858156,0,0,0,256,1.52,0,api.home.local,0
smart_lock_1,lock,2026-03-28T14:26:35.858156,0,0,0,186,9.45,0,cloud.iot.safe,0
esp32_temp_1,temperature,2026-03-28T14:26:36.858156,29.77,36.8,0,124,1.26,0,api.home.local,0
esp32_temp_1,temperature,2026-03-28T14:26:37.858156,24.12,46.4,0,271,4.37,0,cloud.iot.safe,0
esp32_motion_1,motion,2026-03-28T14:26:41.858156,0,0,1,463,3.84,0,api.home.local,0
smart_light_1,light,2026-03-28T14:26:45.858156,0,0,0,406,1.35,0,api.home.local,0
smart_light_1,light,2026-03-28T14:26:48.858156,0,0,0,430,7.3,0,api.home.local,0
smart_light_1,light,2026-03-28T14:26:53.858156,0,0,0,276,5.07,0,api.home.local,0
smart_light_1,light,2026-03-28T14:26:58.858156,0,0,0,483,4.0,0,telemetry.internal,0
esp32_motion_1,motion,2026-03-28T14:27:03.858156,0,0,1,2557,6.36,0,unknown-remote.biz,1
esp32_temp_1,temperature,2026-03-28T14:27:05.858156,28.24,49.98,0,251,9.28,0,api.home.local,0
